quarter,quarter_index,start_date,end_date,designer,logic_wafers_p5,logic_wafers_p50,logic_wafers_p95,logic_cost_usd_p5,logic_cost_usd_p50,logic_cost_usd_p95,logic_share_pct_p5,logic_share_pct_p50,logic_share_pct_p95,cowos_wafers_p5,cowos_wafers_p50,cowos_wafers_p95,cowos_cost_usd_p5,cowos_cost_usd_p50,cowos_cost_usd_p95,cowos_share_pct_p5,cowos_share_pct_p50,cowos_share_pct_p95,hbm_cost_usd_p5,hbm_cost_usd_p50,hbm_cost_usd_p95,hbm_share_pct_p5,hbm_share_pct_p50,hbm_share_pct_p95,aux_cost_usd_p5,aux_cost_usd_p50,aux_cost_usd_p95,total_cost_usd_p5,total_cost_usd_p50,total_cost_usd_p95
Q1 2024,0,2024-01-01,2024-03-31,AMD,1278.021154,1470.548974,1689.478619,19729988.06,25721835.95,33020115.51,0.2612808194,0.3155845736,0.3726104777,5630.906562,6438.340389,7343.840882,54399453.35,77212738.21,105645920.4,8.531676609,11.00571007,14.399688,190260143,218986185.6,251650611.4,6.918550655,8.759447424,11.18447162,13924363.93,17172824.55,20896873.3,278313948.3,339093584.3,411213520.6
Q1 2024,0,2024-01-01,2024-03-31,Amazon,529.6543226,700.2114797,931.0863527,8474469.162,12253700.89,17690640.7,0.108283431,0.1502676519,0.2053488731,3046.452544,4096.175727,5353.261652,28103640.68,48831245.03,78865254.26,4.615837187,7.002009789,10.49659148,76003096.37,99421726.24,126963333.1,2.763748959,3.97686905,5.642814803,26934391.99,43101892.96,65424565.89,139515598.2,203608565.1,288943793.9
Q1 2024,0,2024-01-01,2024-03-31,Google,4434.469502,5114.721562,5846.164307,66543705.19,89422816.48,116736734.6,0.9065904911,1.097635816,1.289357586,9239.100044,10540.55989,11929.62803,87462167.65,126366297,174341501.5,13.99863643,18.01805109,23.39142751,195290997.6,238282875,286517812.7,7.101490821,9.531315001,12.73412501,114464790.4,135183559.4,157334017.3,463761660.9,589255548,734930066.1
Q1 2024,0,2024-01-01,2024-03-31,NVIDIA,17461.98213,18908.04017,20437.72803,271389452,330266520.2,398809384.7,3.569957341,4.057726674,4.507492144,27768.17942,29894.64131,32117.07935,270439317.1,358171628.7,461078863.9,42.07299912,51.10195095,62.9746654,1020357601,1123117111,1243727568,37.10391275,44.92468445,55.27678081,265664472,292103141.3,321114336.4,1827850842,2103658401,2424730153
Q1 2024,0,2024-01-01,2024-03-31,Other,439782.6683,439782.6683,439782.6683,8245925030,8245925030,8245925030,94.37878528,94.37878528,94.37878528,7530.282692,7530.282692,7530.282692,90363392.3,90363392.3,90363392.3,12.87227811,12.87227811,12.87227811,820192101.9,820192101.9,820192101.9,32.80768407,32.80768407,32.80768407,0,0,0,9156480525,9156480525,9156480525
Q2 2024,1,2024-04-01,2024-06-30,AMD,2037.247492,2267.991763,2514.49128,31433810.85,39611323.32,49119203.04,0.340283094,0.400649079,0.4570983636,9372.83826,10380.1928,11433.80763,90578594.49,124387545.8,164299837.5,10.77337731,13.56887947,17.32395095,308880890.7,345285987.1,384262348.9,8.022880278,9.865313918,12.19880473,34709021.68,40557721.24,47189757.74,465602317.7,549842577.4,644871147.2
Q2 2024,1,2024-04-01,2024-06-30,Amazon,1304.139372,1671.555018,2023.288708,20866229.95,29252212.82,38442485.46,0.2178314525,0.2952863364,0.3678047982,4418.299863,5554.544436,6911.87919,40267017.15,66649906.74,102638333,5.07850559,7.2608424,10.47254423,126629122.2,157070122.7,190572023.9,3.28906811,4.48771779,6.049905519,33844838,50330132.59,73007345.32,221607207.3,303302374.8,404660187.6
Q2 2024,1,2024-04-01,2024-06-30,Google,5167.453641,6058.100875,6970.891636,73446098.65,105568440.3,144562430.7,0.863123955,1.070185781,1.267207878,10188.06481,11823.02902,13494.91658,92711026.53,141559932.6,203267831,11.71041932,15.4549399,20.44684331,234276521.3,287060003.3,347416468.2,6.08510445,8.201714379,11.02909423,122679708.7,147515111.2,174698342.1,523113355.2,681703487.4,869945072
Q2 2024,1,2024-04-01,2024-06-30,NVIDIA,21524.74086,23301.35265,25178.72887,334221652.6,407288279.2,491538484.1,3.595294849,4.11626957,4.577130912,34312.27421,36967.91788,39694.02875,333855061.7,442955454,570030037.7,39.43939565,48.32407566,60.1424678,1384342565,1523815063,1685838529,35.95694975,43.53757322,53.51868346,336082478.1,368912292.2,403988327.7,2388501758,2742971088,3151395379
Q2 2024,1,2024-04-01,2024-06-30,Other,532780.3648,532780.3648,532780.3648,9989631840,9989631840,9989631840,94.11760923,94.11760923,94.11760923,11774.31587,11774.31587,11774.31587,141291790.4,141291790.4,141291790.4,15.39126257,15.39126257,15.39126257,1186768824,1186768824,1186768824,33.9076807,33.9076807,33.9076807,0,0,0,1.131769245e+10,1.131769245e+10,1.131769245e+10
Q3 2024,2,2024-07-01,2024-09-30,AMD,2993.959397,3426.712079,3912.873654,43854720.97,59542127.1,79915355.16,0.449082613,0.5469473682,0.6433842594,13793.3498,15595.6056,17616.06351,127222598.1,185970160.3,263818622.8,12.77162019,15.75313697,19.5734039,453664785.5,518306248.5,591123997.1,8.382571793,10.53467985,13.34968376,51750284.93,58620661.28,65956884.69,676492389.4,822439197.2,1000814860
Q3 2024,2,2024-07-01,2024-09-30,Amazon,3215.325331,4084.292732,5033.202104,51445205.29,71475122.81,95630839.97,0.4822866678,0.6519057071,0.8275971305,7674.256949,9322.675402,11103.43707,69949814.83,111191919.2,166433732,7.105793471,9.41684384,12.3371523,246485052.8,302326439.8,365730311.2,4.554417089,6.144846337,8.259492124,50575848.63,68375411.19,92279681.02,418455921.6,553368893,720074564.2
Q3 2024,2,2024-07-01,2024-09-30,Google,6682.517452,7637.799223,8590.565258,96224809.58,133002865.4,177830062.1,1.002352404,1.219091096,1.412525667,11879.16997,13491.38247,15119.99679,107714857.8,161434162,229194881.9,10.99923146,13.62765906,16.79999644,265763634.8,315508979.8,369611949.9,4.910636268,6.412784142,8.347153339,132485115.3,162865901.6,194866538.4,602188417.5,772811908.8,971503432.3
Q3 2024,2,2024-07-01,2024-09-30,NVIDIA,30046.81429,32004.46479,34020.44291,459111079.8,559224158.6,674471041.3,4.506908774,5.108324652,5.593898348,44615.46369,47394.6684,50250.02613,453392688.1,615151201.7,794205573.5,41.31061453,47.87340242,55.83336237,2026320429,2213544959,2435230801,37.44124962,44.9907512,54.99617888,411829537.2,451667348.6,494275749.7,3350653735,3839587668,4398183166
Q3 2024,2,2024-07-01,2024-09-30,Other,579362.6042,579362.6042,579362.6042,1.086304883e+10,1.086304883e+10,1.086304883e+10,92.47373118,92.47373118,92.47373118,13195.66813,13195.66813,13195.66813,158348017.6,158348017.6,158348017.6,13.32895771,13.32895771,13.32895771,1570313373,1570313373,1570313373,31.91693848,31.91693848,31.91693848,0,0,0,1.259171022e+10,1.259171022e+10,1.259171022e+10
Q4 2024,3,2024-10-01,2024-12-31,AMD,3174.403892,3480.448155,3813.886102,47328987.07,60781891.86,76956651.33,0.3554766678,0.416037177,0.4699080113,15171.00048,16502.60817,17900.42457,142744383.3,197527941.9,264496139.2,11.76046549,14.10479331,17.0480234,534821658.5,589112816.3,648045218.1,6.517446484,7.896954642,9.652148021,76209984.84,89362630.47,104268391.8,801105013.7,936785280.5,1093766400
Q4 2024,3,2024-10-01,2024-12-31,Amazon,4606.885961,5120.122482,5677.859417,73710175.37,89602143.43,107879328.9,0.5158891325,0.6120364988,0.6995677258,8400.398353,9404.423674,10477.09511,80450265.49,112528241.6,152771621.4,6.511936708,8.037968952,9.97818582,302831936.1,345847838.7,397088100.7,3.690372119,4.636030009,5.914329769,90421241.56,115288358.1,143847709.9,547413618.5,663266581.8,801586760.9
Q4 2024,3,2024-10-01,2024-12-31,Google,8558.395128,9803.997966,11135.71025,127623875.2,171262213.7,222941818.8,0.9583877431,1.171925986,1.372028246,13342.67359,15034.71552,16807.07099,122694366.6,179982532.2,250734846.7,10.34315783,12.85018421,16.00673428,290056021.9,338032077.5,390587785.3,3.534682207,4.531261093,5.817512442,153573230.6,182071122.7,210323252.3,693947494.2,871347946.1,1074587703
Q4 2024,3,2024-10-01,2024-12-31,NVIDIA,48765.10418,51911.7896,55180.88859,746817014.2,907058322.3,1091734874,5.46082267,6.205302718,6.798824329,69301.38049,73283.34841,77479.55975,742625087.8,1024356778,1321937058,53.72200038,62.63534052,73.79005691,3256755668,3535736916,3876029753,39.6874929,47.39593721,57.73055933,528841980.9,570306898.2,612415194.2,5275039751,6037458914,6902116879
Q4 2024,3,2024-10-01,2024-12-31,Other,766255.0704,766255.0704,766255.0704,1.436728257e+10,1.436728257e+10,1.436728257e+10,91.59469762,91.59469762,91.59469762,2774.90422,2774.90422,2774.90422,33298850.65,33298850.65,33298850.65,2.371713009,2.371713009,2.371713009,2651270352,2651270352,2651270352,35.53981705,35.53981705,35.53981705,0,0,0,1.705185177e+10,1.705185177e+10,1.705185177e+10
Q1 2025,4,2025-01-01,2025-03-31,AMD,2577.14451,2944.205602,3295.667076,37000582.05,51692338.27,68112371.56,0.3178971561,0.3864269853,0.4455976863,12347.64887,14028.66302,15620.61684,111246019.8,168423698.7,235604476.2,9.275229197,11.25105806,13.43708975,461131691.9,525580951.9,589516203.7,6.469299831,8.110817158,10.10830253,73997226.07,84744976.08,96409718.22,683375519.9,830441964.9,989642769.7
Q1 2025,4,2025-01-01,2025-03-31,Amazon,5444.777743,5925.075069,6420.182998,87116443.88,103688813.7,121983477,0.6716268152,0.7776661028,0.8680545164,8919.169187,9660.76254,10417.99604,89191691.87,115929150.5,145851944.6,6.699845399,7.747979982,8.961717025,336115085.8,375762706.4,425155655.1,4.715419273,5.798807198,7.290048955,76063009.87,85064077.46,95419293.68,588486231.4,680444748.1,788410370.3
Q1 2025,4,2025-01-01,2025-03-31,Google,11182.61714,12733.9115,14361.68752,174627369.1,222945976.6,277622440,1.379403511,1.671325884,1.94180255,15640.19205,17621.69762,19670.20445,151027080.9,211436765.6,282903761.8,11.74850107,14.13268982,16.92060598,319041543.2,362985951.8,408552884.7,4.47589146,5.601635059,7.005364964,162188703.2,189508276.5,218764618.2,806884696.4,986876970.6,1187843705
Q1 2025,4,2025-01-01,2025-03-31,NVIDIA,55827.51426,58994.62676,62179.35113,853416039.3,1030667436,1236584801,6.886462107,7.743044763,8.407091603,77777.88711,81728.08072,85729.77551,864034583.8,1199875233,1544669080,58.42470393,65.54633041,73.74604345,3947965805,4275870793,4691989709,55.38672566,65.98566039,80.45249844,805218980.9,859088566.9,915847223.7,6470635409,7365502028,8389090813
Q1 2025,4,2025-01-01,2025-03-31,Other,681306.943,681306.943,681306.943,1.277450518e+10,1.277450518e+10,1.277450518e+10,89.42153627,89.42153627,89.42153627,1648.296095,1648.296095,1648.296095,19779553.15,19779553.15,19779553.15,1.321941731,1.321941731,1.321941731,939799596.8,939799596.8,939799596.8,14.5030802,14.5030802,14.5030802,0,0,0,1.373408433e+10,1.373408433e+10,1.373408433e+10
Q2 2025,5,2025-04-01,2025-06-30,AMD,2508.487645,2883.851424,3310.369935,36010296.11,53181154.58,73514133.01,0.2541047272,0.3109699522,0.3677533285,11488.84361,13056.38048,14779.5809,100759944.6,156167023.2,227354647.8,7.208686187,8.758997389,10.6519502,493965684.5,569890333.6,662062570.8,5.713227903,7.25051315,9.359097694,60001831.24,70153253.11,80190832.94,690737756.5,849391764.5,1043122185
Q2 2025,5,2025-04-01,2025-06-30,Amazon,6335.22509,6892.404777,7445.235751,101363601.4,120617083.6,141459479.3,0.641745494,0.7432181721,0.8271009834,10409.32282,11244.08691,12084.68388,104093228.2,134929042.9,169185574.3,6.531339807,7.543202959,8.709682074,392256302.7,437815929.2,493605007.4,4.536852912,5.570177216,6.977735474,90397801.86,99957207.34,109458193.7,688110934.2,793319263.1,913708254.7
Q2 2025,5,2025-04-01,2025-06-30,Google,13166.46973,15047.67462,17051.70366,205627726.4,265578324.5,334941564.3,1.333736766,1.622612947,1.894296075,18737.01851,21154.05381,23715.29056,180383632.1,253758205.4,341876099.6,11.75656064,14.19139878,17.0921013,420991323.7,482097301.3,547415421.1,4.869203374,6.133553452,7.738414208,190431871.4,223023117.7,256526781.4,997434553.5,1224456949,1480759866
Q2 2025,5,2025-04-01,2025-06-30,NVIDIA,57294.07485,61088.48975,64985.67666,875540750.1,1069489445,1280739644,5.803773954,6.587261944,7.219343869,74281.90148,78819.60412,83494.09169,880161674,1255621972,1618099650,46.60825191,52.87688327,60.17592194,4343088265,4797020849,5391995386,50.23234171,61.03079961,76.22272245,711150191,760038618.1,811421809,6809940880,7882170884,9102256489
Q2 2025,5,2025-04-01,2025-06-30,Other,841460.5953,841460.5953,841460.5953,1.577738616e+10,1.577738616e+10,1.577738616e+10,90.73593699,90.73593699,90.73593699,24788.37468,24788.37468,24788.37468,297460496.2,297460496.2,297460496.2,16.6295176,16.6295176,16.6295176,1573175587,1573175587,1573175587,20.01495657,20.01495657,20.01495657,0,0,0,1.764802224e+10,1.764802224e+10,1.764802224e+10
Q3 2025,6,2025-07-01,2025-09-30,AMD,2584.718933,3082.467528,3666.39712,40267953.38,59235934.66,81801846.33,0.2303796613,0.2922143872,0.3580231734,11486.78435,13535.92524,15944.46447,106326796.6,161899873.7,237026538.2,6.188166654,7.804497439,9.88803998,561773902.6,675719185.8,817657672,5.392856893,7.13536627,9.593543025,70097983.79,84022433.9,100367137.8,778466636.3,980877428.1,1236853194
Q3 2025,6,2025-07-01,2025-09-30,Amazon,7307.642417,7995.61968,8729.855578,116922278.7,139923344.4,165867256,0.6513405243,0.7579755778,0.852469194,12011.2038,13040.657,14138.91555,120112038,156487884.1,197944817.7,6.470682184,7.518937372,8.768319722,453108382.8,507743470.5,575304512.9,4.349701284,5.361599478,6.750023617,104875300.5,116131577.9,126862524.7,795018000,920286276.9,1065979111
Q3 2025,6,2025-07-01,2025-09-30,Google,11316.2971,13229.51716,15115.98191,175007822.8,240602087.2,312904979.8,1.008637597,1.254143057,1.47607355,19054.23149,21776.99055,24440.30797,180636366.5,260773364.6,357348845.2,10.26490585,12.55610266,15.15678014,657046762.1,763848241.2,880205682.5,6.307447078,8.065979316,10.3274162,222394907.1,261294699.8,302523089,1235085858,1526518393,1852982597
Q3 2025,6,2025-07-01,2025-09-30,NVIDIA,78122.45684,82702.62616,87587.75094,1196243107,1446845593,1728081314,6.963165286,7.840114132,8.552931807,95013.17222,100317.6954,106005.9764,1163924418,1663073527,2137110489,51.18554732,57.84083338,65.7401404,6175199469,6773379204,7562871451,59.28001794,71.5245956,88.73485218,860739060.5,922067419.3,984068500.1,9396106054,1.080536574e+10,1.241213175e+10
Q3 2025,6,2025-07-01,2025-09-30,Other,947854.8488,947854.8488,947854.8488,1.777227842e+10,1.777227842e+10,1.777227842e+10,89.85555285,89.85555285,89.85555285,24766.23181,24766.23181,24766.23181,297194781.7,297194781.7,297194781.7,14.27962915,14.27962915,14.27962915,749309899,749309899,749309899,7.912459335,7.912459335,7.912459335,0,0,0,1.88187831e+10,1.88187831e+10,1.88187831e+10
Q4 2025,7,2025-10-01,2025-12-31,AMD,2772.248927,3449.695346,4201.38826,43241050.03,66554051.68,94654906.84,0.2391633105,0.3179372946,0.3991756446,12132.55062,15001.64085,18144.32271,113234039.7,178973399.2,269485824.6,5.726277579,7.583767889,9.874461338,645898501.7,821452850.5,1024001892,5.150705755,7.205726759,9.980525259,81934515.92,100921518.6,123680684.7,884308107.4,1167901820,1511823308
Q4 2025,7,2025-10-01,2025-12-31,Amazon,7742.582174,9288.631989,10827.25449,123881314.8,162551059.8,205717835.4,0.667956462,0.8560763282,1.028701949,12887.69073,15151.63346,17410.55826,128876907.3,181819601.5,243747815.6,6.082685888,7.659593532,9.475133745,494848492.8,591026118.9,699684461.7,3.94616023,5.184439639,6.819536664,120620636,134563187.3,149140335.1,868227350.8,1069959967,1298290448
Q4 2025,7,2025-10-01,2025-12-31,Google,8820.519476,10339.85105,11880.03527,136583942.6,197248195.7,261011680.3,0.7609506558,0.9529607519,1.128727088,17702.82062,20266.52314,22929.47658,166442550.4,243240262.8,335917421.8,8.355313569,10.24531975,12.47862671,869471727.1,1015806571,1187119189,6.93358634,8.910583958,11.57036246,190279394.3,230701621.7,271974711.9,1362777614,1686996651,2056023003
Q4 2025,7,2025-10-01,2025-12-31,NVIDIA,95716.52332,103746.9232,113943.0523,1431223696,1815850812,2283639876,8.257512654,9.561718584,10.82577675,110532.2886,116391.7038,122179.9605,1340110498,1969324634,2579126100,52.16863181,58.83940793,66.49249552,7821999799,8580236414,9509907502,62.37639393,75.2652317,92.68915694,994750226.1,1066677963,1141205815,1.158808422e+10,1.343208982e+10,1.551387929e+10
Q4 2025,7,2025-10-01,2025-12-31,Other,958198.7079,958198.7079,958198.7079,1.796622577e+10,1.796622577e+10,1.796622577e+10,88.31130704,88.31130704,88.31130704,31000.99873,31000.99873,31000.99873,372011984.8,372011984.8,372011984.8,15.67191089,15.67191089,15.67191089,391478045.4,391478045.4,391478045.4,3.434017942,3.434017942,3.434017942,0,0,0,1.87297158e+10,1.87297158e+10,1.87297158e+10
