quarter,quarter_index,start_date,end_date,designer,chip_type,logic_wafers_p5,logic_wafers_p50,logic_wafers_p95,logic_cost_usd_p5,logic_cost_usd_p50,logic_cost_usd_p95,logic_share_pct_p5,logic_share_pct_p50,logic_share_pct_p95,cowos_wafers_p5,cowos_wafers_p50,cowos_wafers_p95,cowos_cost_usd_p5,cowos_cost_usd_p50,cowos_cost_usd_p95,cowos_share_pct_p5,cowos_share_pct_p50,cowos_share_pct_p95,hbm_cost_usd_p5,hbm_cost_usd_p50,hbm_cost_usd_p95,hbm_share_pct_p5,hbm_share_pct_p50,hbm_share_pct_p95,aux_cost_usd_p5,aux_cost_usd_p50,aux_cost_usd_p95,total_cost_usd_p5,total_cost_usd_p50,total_cost_usd_p95
Q1 2024,0,2024-01-01,2024-03-31,AMD,MI300A,76.85250302,127.6177256,180.8093609,1229640.048,2233310.199,3435377.858,0.01571185649,0.02738717734,0.03987707307,364.1669634,585.2256547,816.9589389,3641669.634,7022707.857,11437425.14,0.5517681264,1.000385735,1.601880272,10465954.21,16856439.05,23585568.97,0.3805801532,0.6742575622,1.04824751,664854.5389,1273223.822,1940206.806,16002118.43,27385680.93,40398578.78
Q1 2024,0,2024-01-01,2024-03-31,AMD,MI300X,1156.271751,1342.201471,1557.091455,18500348.01,23488525.75,29584737.65,0.2363901643,0.2880407838,0.3434128046,5075.778372,5849.169196,6729.178231,50757783.72,70190030.35,94208495.23,7.69057329,9.998579822,13.19446712,174176544.6,202112379.9,233954768.8,6.333692532,8.084495198,10.39798972,12673547.5,15885265.8,19611564.7,256108223.9,311676201.8,377359566.3
Q1 2024,0,2024-01-01,2024-03-31,Amazon,Trainium1,0,0,0,0,0,0,0,0,0,1978.593329,2981.243463,4209.801535,19785933.29,35774921.56,58937221.48,2.997868681,5.096142673,8.254512813,36132506.09,55973324.5,81436633.2,1.313909312,2.23893298,3.61940592,21117833.21,37077727.71,59276331.11,77036272.59,128825973.8,199650185.8
Q1 2024,0,2024-01-01,2024-03-31,Amazon,Trainium2,529.6543226,700.2114797,931.0863527,8474469.162,12253700.89,17690640.7,0.108283431,0.1502676519,0.2053488731,831.770739,1088.026956,1423.430913,8317707.39,13056323.47,19928032.78,1.260258695,1.859875138,2.791041005,31973643.62,42536543.93,56467597.95,1.16267795,1.701461757,2.50967102,3253245.963,6010692.857,8759304.842,52019066.13,73857261.15,102845576.3
Q1 2024,0,2024-01-01,2024-03-31,Google,TPU v5e,2377.605316,2897.949151,3470.36422,38041685.06,50714110.14,65936920.17,0.4860816767,0.6219092756,0.7653805469,5759.478332,6883.792435,8097.211677,57594783.32,82605509.22,113360963.5,8.726482322,11.76716656,15.87688564,65688399.26,82424796.62,101417566.4,2.388669064,3.296991865,4.507447395,85707298.25,105577206.1,127192016.3,247032165.9,321321622.1,407907466.3
Q1 2024,0,2024-01-01,2024-03-31,Google,TPU v5p,1781.376258,2211.926076,2673.674442,28502020.13,38708706.34,50799814.41,0.3641875935,0.4746865015,0.5896725178,2986.738432,3646.732318,4355.752715,29867384.32,43760787.82,60980538.01,4.525361261,6.233730459,8.540691598,122445152.7,155633341.3,193804281.4,4.452551009,6.22533365,8.613523619,23493553.35,29361947.53,35729711.09,204308110.5,267464783,341314344.9
Q1 2024,0,2024-01-01,2024-03-31,NVIDIA,H100/H200,12930.40735,14184.82624,15542.84493,206886517.6,248234459.2,295314053.6,2.643514482,3.044109663,3.427937357,20723.09164,22577.18849,24572.88223,207230916.4,270926261.9,344020351.2,31.39862369,38.5934846,48.18212202,726373721.2,817296419.2,929078491.7,26.41358986,32.69185677,41.29237741,209989419.5,235117429.5,262415978.8,1350480575,1571574570,1830828875
Q1 2024,0,2024-01-01,2024-03-31,NVIDIA,H20,4031.433399,4687.546344,5447.12269,64502934.38,82032061.02,103495331.1,0.8241931043,1.005962631,1.20134991,6320.840077,7270.447233,8361.322337,63208400.77,87245366.8,117058512.7,9.57703042,12.42811493,16.39474968,261763153.5,303751382.7,351173411.5,9.518660129,12.15005531,15.60770718,47232741.76,56785950.81,67644380.51,436707230.5,529814761.3,639371635.9
Q1 2024,0,2024-01-01,2024-03-31,Other,Other,439823.912,439823.912,439823.912,8246698350,8246698350,8246698350,94.38763632,94.38763632,94.38763632,7618.174251,7618.174251,7618.174251,91418091.01,91418091.01,91418091.01,13.02252009,13.02252009,13.02252009,823415372.8,823415372.8,823415372.8,32.93661491,32.93661491,32.93661491,0,0,0,9161531814,9161531814,9161531814
Q2 2024,1,2024-04-01,2024-06-30,AMD,MI300A,429.7446102,512.8782828,603.6818303,6875913.763,8975369.95,11469954.78,0.07178058931,0.09060183333,0.1097406776,1946.958077,2312.545952,2711.61466,19469580.77,27750551.43,37962605.24,2.237882847,3.022935886,4.10850706,55797424.44,66686520.52,78510078.77,1.449283752,1.905329158,2.492383453,2087649.883,3717657.229,5401072.751,84230568.86,107130099.1,133343711.5
Q2 2024,1,2024-04-01,2024-06-30,AMD,MI300X,1534.868568,1750.625907,1981.539382,24557897.09,30635953.37,37649248.26,0.2563703365,0.3092544994,0.360215371,7110.901372,8053.08286,9024.088021,71109013.72,96636994.32,126337232.3,8.173449853,10.5269057,13.67286064,244018857.6,278266357.2,314674114.7,6.338152146,7.950467349,9.989654435,31161787.55,36824150.45,43250074.67,370847556,442363455.4,521910669.9
Q2 2024,1,2024-04-01,2024-06-30,Amazon,Trainium1,0,0,0,0,0,0,0,0,0,1984.04364,2974.743105,4234.964679,19840436.4,35696917.26,59289505.51,2.280509931,3.888553079,6.41661315,36288025.81,55703803.17,81132614.95,0.9425461249,1.591537233,2.57563857,20987853.71,36931445.49,59312847.38,77116315.92,128332165.9,199734967.8
Q2 2024,1,2024-04-01,2024-06-30,Amazon,Trainium2,1304.139372,1671.555018,2023.288708,20866229.95,29252212.82,38442485.46,0.2178314525,0.2952863364,0.3678047982,2042.658075,2579.415789,3096.344819,20426580.75,30952989.47,43348827.47,2.347882844,3.371785346,4.691431545,78581339.67,100382879.2,123136135.7,2.041073758,2.868082263,3.909083674,9523097.045,13042660.8,17811515.94,129397247.4,173630742.3,222738964.6
Q2 2024,1,2024-04-01,2024-06-30,Google,TPU v5e,2127.824765,2726.757515,3380.599133,34045196.25,47718256.52,64231383.54,0.355412289,0.481691735,0.6145443193,5157.19865,6458.083847,7851.462361,51571986.5,77497006.17,109920473.1,5.927814541,8.441939669,11.89615509,59199800.92,77272553.36,97987871.24,1.537657167,2.207787239,3.110726071,74003972.87,95810664.95,120444873,218820956.5,298298481,392584600.8
Q2 2024,1,2024-04-01,2024-06-30,Google,TPU v5p,2096.7881,2670.295215,3290.459789,33548609.6,46730166.26,62518735.98,0.3502282097,0.4717174622,0.5981582824,3678.233316,4581.709981,5551.013591,36782333.16,54980519.77,77714190.27,4.227854386,5.989163373,8.410626653,151260172.1,195020957.8,246600263.5,3.928835638,5.572027367,7.828579792,39631392.99,51207663.2,63520442.04,261222507.8,347939307.1,450353631.7
Q2 2024,1,2024-04-01,2024-06-30,Google,TPU v6e,365.7683006,635.4295717,937.4900633,5852292.809,11120017.51,17812311.2,0.06109457465,0.1122509688,0.1704222151,435.6706869,756.8672232,1116.654831,4356706.869,9082406.679,15633167.63,0.5007709045,0.9893689193,1.691901259,8122662.086,14162549.9,20961043.08,0.210978236,0.4046442829,0.6654299389,0,0,0,18331661.76,34364974.09,54406521.91
Q2 2024,1,2024-04-01,2024-06-30,NVIDIA,H100/H200,15679.21636,17240.54649,18917.62815,250867461.8,301709563.5,359434934.8,2.618912172,3.045605891,3.438952817,25037.99187,27339.62776,29796.04001,250379918.7,328075533.1,417144560.1,28.779301,35.73807551,45.14551516,993010394.1,1122097849,1277034606,25.79247777,32.05993853,40.54078116,248105185.4,277133580.5,308817896,1742362960,2029016526,2362431997
Q2 2024,1,2024-04-01,2024-06-30,NVIDIA,H20,5209.636925,6033.069464,6952.818382,83354190.81,105578715.6,132103549.3,0.870169863,1.06576389,1.263922421,8347.514295,9573.326736,10920.39126,83475142.95,114879920.8,152885477.6,9.594844018,12.5141526,16.54604736,346134524,399965324.7,458975224.3,8.990507118,11.42758071,14.57064204,76178653.09,91076798.55,108144362.2,589142510.9,711500759.7,852108613.4
Q2 2024,1,2024-04-01,2024-06-30,Other,Other,532838.2076,532838.2076,532838.2076,9990716393,9990716393,9990716393,94.12782738,94.12782738,94.12782738,11870.59674,11870.59674,11870.59674,142447160.9,142447160.9,142447160.9,15.51711993,15.51711993,15.51711993,1190441206,1190441206,1190441206,34.01260587,34.01260587,34.01260587,0,0,0,1.132360476e+10,1.132360476e+10,1.132360476e+10
Q3 2024,2,2024-07-01,2024-09-30,AMD,MI300A,619.8990116,716.7030371,817.9395242,9918384.186,12542303.15,15540850.96,0.09298251279,0.1143950326,0.1344917985,3064.054024,3506.006246,3966.900482,30640540.24,42072074.95,55536606.75,2.837087059,3.541420451,4.407667203,87553568.31,100909743.3,115119151.8,1.617767338,2.051011042,2.599800176,12767406.06,15392894.43,18209923.4,140879898.8,170917015.8,204406532.9
Q3 2024,2,2024-07-01,2024-09-30,AMD,MI300X,1861.265392,2111.82214,2385.396717,29780246.27,36956887.46,45322537.62,0.279182786,0.3370740043,0.3922249568,8607.638459,9670.4729,10821.78052,86076384.59,116045674.8,151504927.3,7.97003561,9.768154444,12.02420058,295633552.8,334626900.6,377619401.5,5.462556409,6.801359769,8.527990097,36837288.29,43105741.19,50089365.59,448327472,530735204.1,624536232
Q3 2024,2,2024-07-01,2024-09-30,AMD,MI308X,259.7556572,573.8820855,1002.735084,4156090.516,10042936.5,19051966.59,0.03896236849,0.09159896982,0.1648772811,1050.567325,2321.034212,4055.506338,10505673.25,27852410.55,56777088.74,0.9727475229,2.344479002,4.506118154,36333754.99,80478960.42,140154926.1,0.6713554136,1.635751228,3.165197067,0,0,0,50995518.75,118374307.5,215983981.5
Q3 2024,2,2024-07-01,2024-09-30,Amazon,Trainium1,0,0,0,0,0,0,0,0,0,1972.285942,2978.031626,4227.26116,19722859.42,35736379.52,59181656.25,1.826190687,3.008112754,4.696956845,36265695.64,55875598.63,81605848.82,0.6700978499,1.135682899,1.842950515,20967939,36740238.81,59660483.3,76956494.06,128352217,200447988.4
Q3 2024,2,2024-07-01,2024-09-30,Amazon,Trainium2,3215.325331,4084.292732,5033.202104,51445205.29,71475122.81,95630839.97,0.4822866678,0.6519057071,0.8275971305,5022.695541,6287.961644,7660.862555,50226955.41,75455539.72,107252075.8,4.650644019,6.351476408,8.512069505,192791177.5,245183160.2,304592471.3,3.562290789,4.983397565,6.878782098,23706906,31478704.39,38640918.04,318170244.2,423592527.1,546116305.1
Q3 2024,2,2024-07-01,2024-09-30,Google,TPU v5e,1861.972494,2367.012045,2923.439223,29791559.9,41422710.79,55545345.24,0.2792888486,0.3778055987,0.4806939722,4535.357172,5679.179662,6912.787985,45353571.72,68150155.94,96779031.79,4.199404789,5.736545113,7.680875539,52200848.74,67780885.82,86171782.45,0.9645389641,1.377660281,1.946065548,65659712.57,91386780.76,119936514.4,193005692.9,268740533.3,358432673.9
Q3 2024,2,2024-07-01,2024-09-30,Google,TPU v5p,1912.919622,2389.01438,2912.515636,30606713.95,41807751.65,55337797.08,0.2869307256,0.3813174546,0.4788978334,3428.309063,4229.225038,5096.436333,34283090.63,50750700.46,71350108.66,3.174360243,4.271944483,5.662707037,140099239.3,180181355.8,225281803,2.58867774,3.662222678,5.087664927,41844879.27,57073056.41,73344743.82,246833923.1,329812864.3,425314452.5
Q3 2024,2,2024-07-01,2024-09-30,Google,TPU v6e,2239.158483,2844.137312,3523.522092,35826535.72,49772402.96,66946919.75,0.3358653238,0.4539609345,0.5793641329,2807.819543,3544.442134,4361.838677,28078195.43,42533305.61,61065741.48,2.59983291,3.58024458,4.846487419,52214464.93,66293958.97,81808427.11,0.9647905567,1.34743819,1.847525454,7795364.135,13556042.43,20002141.07,123914560.2,172155710,229823229.4
Q3 2024,2,2024-07-01,2024-09-30,NVIDIA,B200,7766.510133,8687.407398,9696.445651,124264162.1,152029629.5,184232467.4,1.164947216,1.386622075,1.594362879,8455.787908,9458.414805,10557.0052,109925242.8,160793051.7,211140104,7.829433248,9.553954348,11.73000578,393743600.6,453740405,523782424,7.275380647,9.222365956,11.82887136,0,0,0,627933005.6,766563086.2,919154995.4
Q3 2024,2,2024-07-01,2024-09-30,NVIDIA,H100/H200,14692.67409,16040.9896,17469.35154,235082785.5,280717318.1,331917679.3,2.203845677,2.560348476,2.872442813,24306.76849,26371.56728,28549.93539,243067684.9,316458807.4,399699095.4,22.50626712,26.63794675,31.72215043,1138263236,1277423976,1447375864,21.03221056,25.96390195,32.68689846,303813314.4,339125609.1,377875733.2,1920227020,2213725710,2556868372
Q3 2024,2,2024-07-01,2024-09-30,NVIDIA,H20,6235.258262,7227.269204,8332.678665,99764132.19,126477211.1,158320894.6,0.9352652129,1.153565219,1.370122004,10039.97604,11491.61189,13097.59815,100399760.4,137899342.6,183366374.1,9.296274108,11.60768877,14.55288683,414886244.1,479945804.2,551217788.4,7.666042943,9.75499602,12.44845954,93610620.65,111825022.5,132302724.2,708660757.3,856147380.4,1025207781
Q3 2024,2,2024-07-01,2024-09-30,Other,Other,579473.3431,579473.3431,579473.3431,1.086512518e+10,1.086512518e+10,1.086512518e+10,92.49140653,92.49140653,92.49140653,13462.05257,13462.05257,13462.05257,161544630.8,161544630.8,161544630.8,13.5980329,13.5980329,13.5980329,1577559251,1577559251,1577559251,32.06421242,32.06421242,32.06421242,0,0,0,1.260422906e+10,1.260422906e+10,1.260422906e+10
Q4 2024,3,2024-10-01,2024-12-31,AMD,MI300A,189.3946003,223.3433199,258.6407151,3030313.605,3908508.098,4914173.587,0.02120882021,0.02669745969,0.03186706179,1240.161175,1456.810894,1683.455575,12401611.75,17481730.73,23568378.04,0.9613652523,1.245137516,1.603291023,35505974.78,41961207.03,48850908.49,0.432683095,0.5624826679,0.7275976837,15400821.18,18384963.87,21484971.64,66338721.31,81736409.72,98818431.75
Q4 2024,3,2024-10-01,2024-12-31,AMD,MI300X,1518.810761,1770.587832,2052.243004,24300972.17,30985287.06,38992617.07,0.1700797399,0.2116481357,0.2528563787,7441.512372,8539.362757,9741.818185,74415123.72,102472353.1,136385454.6,5.768614242,7.298600647,9.277922081,255301803.6,295042707.8,339094145.7,3.11116017,3.954996083,5.050553257,45118900.53,52473530.45,60606154.16,399136800,480973878.4,575078371.5
Q4 2024,3,2024-10-01,2024-12-31,AMD,MI308X,897.0773239,980.0282299,1062.396662,14353237.18,17150494.02,20185536.58,0.1004566743,0.1171481832,0.1308976433,4165.969689,4445.131116,4728.93687,41659696.89,53341573.39,66205116.18,3.229433867,3.799257364,4.5037494,142123160.8,153525942.8,165764128.3,1.731942004,2.05798851,2.468932503,8062920.214,17821300.02,31072682.25,206199015.1,241839310.3,283227463.3
Q4 2024,3,2024-10-01,2024-12-31,AMD,MI325X,352.7790071,499.2915811,677.0696894,5644464.114,8737602.669,12864324.1,0.03950496225,0.05968307834,0.08342159748,1426.795095,2019.357061,2738.370744,14267950.95,24232284.73,38337190.42,1.10604271,1.725946206,2.607972137,68131661.31,97107796.47,132609792.2,0.8302664064,1.301713089,1.975123506,0,0,0,88044076.38,130077683.9,183811306.7
Q4 2024,3,2024-10-01,2024-12-31,Amazon,Trainium1,0,0,0,0,0,0,0,0,0,545.4392485,974.2579164,1569.977773,5454392.485,11691095,21979688.82,0.4228211228,0.8326990739,1.495216927,10143056.82,18300044.67,30010485.26,0.1236053719,0.2453089097,0.4469836947,20791787.13,37106452.26,59789827.9,36389236.43,67097591.92,111780002
Q4 2024,3,2024-10-01,2024-12-31,Amazon,Trainium2,4606.885961,5120.122482,5677.859417,73710175.37,89602143.43,107879328.9,0.5158891325,0.6120364988,0.6995677258,7499.5873,8403.095551,9342.280899,74995873,100837146.6,130791932.6,5.813633566,7.182132949,8.89741038,285136738.4,327069411,377837946.2,3.474734809,4.384308458,5.627613139,58937906.37,77018666.99,96874911.78,492780693.2,594527368,713384119.5
Q4 2024,3,2024-10-01,2024-12-31,Google,TPU v5e,872.6181705,1078.685641,1293.525701,13961890.73,18876998.71,24576988.31,0.09771768498,0.128941248,0.1593749979,2334.825692,2908.751494,3514.317048,23348256.92,34905017.93,49200438.68,1.809942397,2.486112388,3.346968618,26902641.2,34791981.74,43859310.11,0.3278411065,0.4663804522,0.6532515655,55801808.42,76752698.67,99984638.29,120014597.3,165326697,217621375.4
Q4 2024,3,2024-10-01,2024-12-31,Google,TPU v5p,1281.936209,1770.266845,2265.590627,20510979.35,30979669.79,43046221.91,0.1435540113,0.2116097663,0.2791428892,2394.209856,3186.256162,3993.828477,23942098.56,38235073.94,55913598.68,1.855976632,2.723295865,3.803646169,99290908.87,135987305.2,176469634.6,1.209979392,1.822886128,2.628382999,35481508.07,47718180.32,61084866.06,179225494.9,252920229.2,336514321.2
Q4 2024,3,2024-10-01,2024-12-31,Google,TPU v6e,5821.937818,6937.459724,8174.663608,93151005.09,121405545.2,155318608.6,0.6519532882,0.8292728495,1.007198384,7540.401109,8903.536697,10401.48638,75404011.09,106842440.4,145620809.4,5.845272178,7.609860425,9.906177508,140292828.7,166942818.3,195754966.2,1.709637201,2.237839387,2.915623566,43742383.81,56456421.11,70808530.75,352590228.7,451647224.9,567502914.9
Q4 2024,3,2024-10-01,2024-12-31,NVIDIA,B200,22615.07073,25097.71735,27804.21871,361841131.7,439210053.7,528280155.4,2.532484919,3.000068673,3.425751259,26484.29051,29212.84892,32186.14853,344295776.6,496618431.7,643722970.7,20.53045776,24.96824694,30.65347479,1236417490,1401271769,1604443480,15.06723727,18.78380388,23.89698362,109130723.3,121361933.9,134651503.4,2051685122,2458462189,2911098110
Q4 2024,3,2024-10-01,2024-12-31,NVIDIA,H100/H200,10174.18285,11566.72598,13160.39987,162786925.6,202417704.7,250047597.6,1.139327174,1.382634595,1.621489779,17442.54105,19556.43956,21935.19017,174425410.5,234677274.8,307092662.4,13.52134965,16.71490561,20.89065731,963051504.2,1113721868,1298568618,11.73594326,14.92924756,19.34120671,260653792.3,291067603.2,323602284.1,1560917633,1841884451,2179311162
Q4 2024,3,2024-10-01,2024-12-31,NVIDIA,H20,13886.80981,15167.46079,16495.11162,222188957,265430563.9,313407120.7,1.555075235,1.8130503,2.03235883,22390.39006,24421.75593,26508.67321,223903900.6,293061071.2,371121425,17.35689152,20.87329567,25.24635544,926014331.5,1019898624,1118640545,11.28460068,13.67156332,16.66131286,132937915.7,156521472.7,182738003.3,1505045105,1734911731,1985907094
Q4 2024,3,2024-10-01,2024-12-31,Other,Other,766359.7388,766359.7388,766359.7388,1.43692451e+10,1.43692451e+10,1.43692451e+10,91.60720921,91.60720921,91.60720921,2972.395935,2972.395935,2972.395935,35668751.22,35668751.22,35668751.22,2.540509346,2.540509346,2.540509346,2654378524,2654378524,2654378524,35.58148156,35.58148156,35.58148156,0,0,0,1.705929238e+10,1.705929238e+10,1.705929238e+10
Q1 2025,4,2025-01-01,2025-03-31,AMD,MI300A,9.755836131,15.36419392,21.69286876,156093.3781,268873.3935,412164.5064,0.001203406541,0.002016550452,0.002933030523,70.14566621,110.4704511,155.9744045,701456.6621,1325645.413,2183641.663,0.05269158025,0.0885978555,0.1341715308,2021874.906,3178496.127,4496960.86,0.0283652484,0.04905086616,0.07710838237,1045842.328,1646570.834,2314862.837,3925267.274,6419585.767,9407629.866
Q1 2025,4,2025-01-01,2025-03-31,AMD,MI300X,893.5290336,1067.160577,1264.613486,14296464.54,18675310.11,24027656.24,0.1102190186,0.1400648258,0.1709847599,4531.193418,5346.770606,6238.12298,45311934.18,64161247.27,87333721.71,3.403713365,4.288136827,5.366127294,155582893.8,184750939.7,217089832.1,2.18270053,2.851094748,3.722390811,31769775.53,39092173.14,47478620.91,246961068,306679670.2,375929830.9
Q1 2025,4,2025-01-01,2025-03-31,AMD,MI308X,933.8140229,1228.942661,1464.170067,14941024.37,21506496.56,27819231.28,0.1151882717,0.1612987242,0.1979662324,4274.205052,5624.058391,6693.580136,42742050.52,67488700.69,93710121.91,3.210670462,4.51052302,5.757918397,146947575.1,194166720.2,232817106.4,2.061554084,2.996400003,3.992062866,19081592.04,25032478.31,29751058.32,223712242.1,308194395.8,384097517.9
Q1 2025,4,2025-01-01,2025-03-31,AMD,MI325X,431.1869072,564.4818814,720.6786625,6898990.516,9878432.924,13692894.59,0.05318797257,0.07408824693,0.09744089351,2093.399931,2699.256048,3374.186898,20933999.31,32391072.58,47238616.58,1.572506991,2.164816881,2.902526364,99348061,129770300.7,164833631.4,1.393771899,2.002628098,2.826365422,13395904.23,18919165.28,25651190.87,140576955.1,190958971.5,251416333.5
Q1 2025,4,2025-01-01,2025-03-31,AMD,MI350X,41.64760295,68.16126436,98.20113425,708009.2501,1363225.287,2160424.953,0.005137334938,0.008946165947,0.01327749351,155.657916,254.7527255,367.0267393,1556579.16,3057032.707,5138374.35,0.1169261341,0.2043129628,0.3157219262,8399254.45,13764952.28,20021870.33,0.1178346584,0.212422103,0.3433105337,0,0,0,10663842.86,18185210.27,27320669.63
Q1 2025,4,2025-01-01,2025-03-31,Amazon,Trainium2,5444.777743,5925.075069,6420.182998,87116443.88,103688813.7,121983477,0.6716268152,0.7776661028,0.8680545164,8919.169187,9660.76254,10417.99604,89191691.87,115929150.5,145851944.6,6.699845399,7.747979982,8.961717025,336115085.8,375762706.4,425155655.1,4.715419273,5.798807198,7.290048955,76063009.87,85064077.46,95419293.68,588486231.4,680444748.1,788410370.3
Q1 2025,4,2025-01-01,2025-03-31,Google,TPU v5e,123.69532,165.2385959,212.6028768,1979125.121,2891675.428,4039454.659,0.01525812398,0.02168756571,0.02874542477,420.1746769,561.2910305,722.1804757,4201746.769,6735492.366,10110526.66,0.3156241705,0.45015822,0.6212305167,4876210.505,6703873.923,8928024.744,0.06840923829,0.1034548445,0.153086844,18228044.54,24309901.56,31273842.2,29285126.94,40640943.28,54351848.26
Q1 2025,4,2025-01-01,2025-03-31,Google,TPU v5p,531.6125793,774.7110794,1016.999285,8505801.269,13557443.89,19322986.41,0.06557572787,0.1016808292,0.1375055544,1076.671905,1534.318334,2000.118986,10766719.05,18411820.01,28001665.81,0.8087676279,1.230530995,1.720532461,44633404.18,65431802.85,88076198.03,0.6261700923,1.009750044,1.510222874,20903892.85,33642616.74,46555746.94,84809817.34,131043683.5,181956597.2
Q1 2025,4,2025-01-01,2025-03-31,Google,TPU v6e,10258.90267,11799.82042,13382.10521,164142442.7,206496857.3,254259998.9,1.265461044,1.54872643,1.809356036,13605.86151,15524.1211,17485.11209,136058615.1,186289453.2,244791569.3,10.22036545,12.45042294,15.04095664,252889041.1,290669963.4,329477738.4,3.547826053,4.485647583,5.649481111,107561035.2,130975504.6,156590676.1,660651134,814431778.6,985119982.8
Q1 2025,4,2025-01-01,2025-03-31,NVIDIA,B200,23848.39869,26029.06749,28398.27016,381574379,455508681.1,539567133,2.941759024,3.416315108,3.839648601,30521.46782,33141.99353,35960.38028,396779081.6,563413890.1,719207605.6,22.92692418,26.58004494,30.93366045,1416781527,1588056159,1807040898,19.87628405,24.50703949,30.98492624,284946881.7,317175076.2,352455748.8,2480081869,2924153807,3418271385
Q1 2025,4,2025-01-01,2025-03-31,NVIDIA,B300,9061.619595,10294.97485,11706.40462,144985913.5,180162059.8,222421687.7,1.117773213,1.351215449,1.582789369,9706.736832,10972.28834,12410.64248,126187578.8,186528901.8,248212849.7,7.291445508,8.799830248,10.67582149,681382791.4,790277135.3,923075019.1,9.559242303,12.1956348,15.82776096,3035406.045,7936638.671,15339958.81,955591689.8,1164904736,1409049515
Q1 2025,4,2025-01-01,2025-03-31,NVIDIA,H100/H200,8444.051493,9560.505847,10898.83733,135104823.9,167308852.3,207077909.3,1.041594658,1.254816392,1.473600514,13974.59863,15665.70038,17620.1614,139745986.3,187988404.6,246682259.7,10.49735108,12.56397023,15.15712809,853204007.3,983422388.2,1143499542,11.96975319,15.17627142,19.60733097,163985885.4,195993250.7,233081340.5,1292040703,1534712896,1830341052
Q1 2025,4,2025-01-01,2025-03-31,NVIDIA,H20,11984.43268,13010.73387,14079.89846,191750923,227687842.7,267518070.8,1.478309444,1.70765882,1.90370266,20132.19371,21828.66967,23611.88321,201321937.1,261944036.1,330566364.9,15.12277462,17.50670249,20.31129738,831588092,911449493.3,998785037.7,11.66649961,14.0655786,17.12594372,311464661.4,336114382.2,363068937.6,1536125613,1737195754,1959938411
Q1 2025,4,2025-01-01,2025-03-31,Other,Other,681400.5241,681400.5241,681400.5241,1.277625983e+10,1.277625983e+10,1.277625983e+10,89.43381879,89.43381879,89.43381879,1763.046844,1763.046844,1763.046844,21156562.13,21156562.13,21156562.13,1.413972407,1.413972407,1.413972407,942595068.5,942595068.5,942595068.5,14.54622019,14.54622019,14.54622019,0,0,0,1.374001146e+10,1.374001146e+10,1.374001146e+10
Q2 2025,5,2025-04-01,2025-06-30,AMD,MI300X,691.5717609,886.2554504,1097.221841,11065148.17,15509470.38,20847214.99,0.07005482127,0.09556623228,0.1218918103,3312.799511,4145.001328,5048.592522,33127995.11,49740015.93,70680295.31,2.078619301,2.780713679,3.638625241,113997913.3,143136225.3,175419837.9,1.318504665,1.821071569,2.479782837,16363669.96,21227236.18,26835726.16,174554726.6,229612947.8,293783074.3
Q2 2025,5,2025-04-01,2025-06-30,AMD,MI308X,224.8492002,296.1227467,352.9595456,3597587.204,5182148.068,6706231.366,0.02277676942,0.0319313525,0.03921073785,1515.650165,1996.086663,2379.208789,15156501.65,23953039.96,33308923.04,0.9509961817,1.339093778,1.714745073,52128749.02,68810613.6,82757643.03,0.6029233058,0.8754530993,1.169884691,23321945.83,30595251.26,36362404.62,94204783.7,128541052.9,159135202.1
Q2 2025,5,2025-04-01,2025-06-30,AMD,MI325X,382.7482653,531.7368525,703.4277846,6123972.244,9305394.919,13365127.91,0.03877162549,0.05733796902,0.07814471319,1849.489412,2488.252883,3220.584606,18494894.12,29859034.6,45088184.49,1.160463945,1.669268182,2.321142059,87843132.19,119396628.1,157072351.1,1.015997365,1.51904107,2.220417742,10842633.78,15572124.06,21343888.61,123304632.3,174133181.7,236869552.1
Q2 2025,5,2025-04-01,2025-06-30,AMD,MI350X,611.2425642,749.8396731,902.2230674,10391123.59,14996793.46,19848907.48,0.06191763604,0.08085631782,0.1002291413,2335.623758,2854.567118,3425.749552,23356237.58,34254805.41,47960493.73,1.465489417,1.91501358,2.469008686,124198414.8,154208553.2,189095082.2,1.436484095,1.96194088,2.673099834,1541947.644,2517747.629,3631320.215,159487723.7,205977899.7,260535803.7
Q2 2025,5,2025-04-01,2025-06-30,AMD,MI355X,284.2626406,409.3673874,579.3932394,4832464.89,8187347.747,12746651.27,0.02879523082,0.04414268912,0.06436555323,1062.431619,1530.01061,2165.482232,10624316.19,18360127.32,30316751.25,0.6666237611,1.026422212,1.560707915,56797101.8,82754543.38,119017347.6,0.6569176706,1.052856786,1.682461799,0,0,0,72253882.89,109302018.5,162080750.2
Q2 2025,5,2025-04-01,2025-06-30,Amazon,Trainium2,6335.22509,6892.404777,7445.235751,101363601.4,120617083.6,141459479.3,0.641745494,0.7432181721,0.8271009834,10409.32282,11244.08691,12084.68388,104093228.2,134929042.9,169185574.3,6.531339807,7.543202959,8.709682074,392256302.7,437815929.2,493605007.4,4.536852912,5.570177216,6.977735474,90397801.86,99957207.34,109458193.7,688110934.2,793319263.1,913708254.7
Q2 2025,5,2025-04-01,2025-06-30,Google,TPU v5p,60.7799483,121.0192461,179.8481895,972479.1728,2117836.807,3417115.601,0.006156885887,0.01304968379,0.01997957075,152.1749817,302.9963347,450.2865782,1521749.817,3635956.017,6304012.095,0.09548234144,0.2032679814,0.3245308672,6427300.154,12866914.85,19621189.53,0.07433842418,0.1637012067,0.2773705051,5508527.46,10950617.59,16254057.31,14430056.6,29571325.27,45596374.54
Q2 2025,5,2025-04-01,2025-06-30,Google,TPU v6e,12181.45086,14023.69588,16026.33493,194903213.8,245414677.9,304500363.6,1.233956346,1.512195809,1.780386521,16758.69473,19070.0903,21555.10773,167586947.3,228841083.6,301771508.3,10.51525944,12.79335199,15.53521278,311929871.1,357123716.4,406412864.4,3.607794021,4.543558733,5.745163478,179351657.4,212049057.1,245038949.3,853771689.6,1043428535,1257723686
Q2 2025,5,2025-04-01,2025-06-30,Google,TPU v7,573.6490232,902.2904931,1228.367505,9752033.395,18045809.86,27024085.12,0.05810948634,0.09729531457,0.1364609538,1127.493497,1773.430481,2414.327085,11274934.97,21281165.77,33800579.19,0.7074469,1.189722755,1.740055557,71077622.99,111703918.9,154103417.2,0.8220867799,1.421169452,2.178448081,0,0,0,92104591.35,151030894.5,214928081.5
Q2 2025,5,2025-04-01,2025-06-30,NVIDIA,B200,19989.04586,21871.77116,23817.55337,319824733.8,382755995.3,452533513.9,2.024849935,2.358465341,2.645923174,25736.87766,28003.88069,30326.03706,334579409.6,476065971.8,606520741.2,16.14862912,18.78667049,21.85660329,1196007454,1340121097,1524660405,13.83307257,17.04988673,21.55301676,247876631.6,275098068.2,304585378.3,2098288229,2474041132,2888300039
Q2 2025,5,2025-04-01,2025-06-30,NVIDIA,B300,26119.80209,29088.61192,32090.42401,417916833.4,509050708.6,609718056.2,2.645883146,3.136667923,3.564967201,30605.4787,33870.34589,37296.68718,397871223.1,575795880.1,745933743.7,19.20343761,22.72224462,26.88049527,2136699686,2432917028,2790967121,24.71315853,30.95314285,39.45387505,162548068.5,184148085,207390135.1,3115035811,3701911702,4354009056
Q2 2025,5,2025-04-01,2025-06-30,NVIDIA,H100/H200,7610.083307,9051.860627,10291.63943,121761332.9,158407561,195541149.1,0.7708860541,0.9760754811,1.143311693,12701.72607,14688.00851,16443.28798,127017260.7,176256102.1,230206031.8,7.969710476,9.853590614,11.85101837,793897981.4,934950488.8,1090585965,9.182257476,11.89504439,15.41682166,147812296.4,175105993.4,208212828.5,1190488871,1444720145,1724545974
Q2 2025,5,2025-04-01,2025-06-30,NVIDIA,H20,1002.365626,1101.438848,1207.73288,16037850.01,19275179.85,22946924.71,0.1015376115,0.1187697754,0.1341686262,2069.378057,2292.001508,2531.366641,20693780.57,27504018.1,35439132.97,1.298433291,1.537611075,1.82440839,85717287.3,95692794.44,106760592.4,0.9914097537,1.217465578,1.509196953,108913168.6,123745501.8,140387284,231362086.5,266217494.2,305533934.1
Q2 2025,5,2025-04-01,2025-06-30,Other,Other,841446.6008,841446.6008,841446.6008,1.577712377e+10,1.577712377e+10,1.577712377e+10,90.73442794,90.73442794,90.73442794,24803.74077,24803.74077,24803.74077,297644889.2,297644889.2,297644889.2,16.63982609,16.63982609,16.63982609,1568501549,1568501549,1568501549,19.95549044,19.95549044,19.95549044,0,0,0,1.76432702e+10,1.76432702e+10,1.76432702e+10
Q3 2025,6,2025-07-01,2025-09-30,AMD,MI300X,300.7737585,375.9418513,456.355767,4812380.136,6578982.397,8670759.574,0.02680839132,0.03563885644,0.04456307775,1641.373329,2071.409886,2530.85859,16413733.29,24856918.63,35432020.25,0.8842415241,1.194326421,1.569524707,56505611.1,71572531.86,88016597.96,0.5424365086,0.7557817515,1.032695037,15287415.21,21046346.76,27357849.39,93019139.74,124054779.7,159477227.2
Q3 2025,6,2025-07-01,2025-09-30,AMD,MI325X,364.9998153,518.3007236,710.7038452,5839997.045,9070262.664,13503373.06,0.03253295078,0.04913431431,0.06940013253,1740.759852,2425.200194,3279.830912,17407598.52,29102402.33,45917632.76,0.9377830852,1.398313625,2.034003666,82581491.77,116407922.1,159162032.3,0.7927569528,1.229228322,1.86744142,9957318.752,15376723.8,21675358.91,115786406.1,169957310.9,240258397
Q3 2025,6,2025-07-01,2025-09-30,AMD,MI350X,857.8307469,1047.965198,1270.611753,14583122.7,20959303.97,27953458.56,0.0764596701,0.09934589918,0.1240750625,3702.872543,4462.892193,5362.341431,37028725.43,53554706.32,75072780.03,1.994813491,2.573199102,3.325483058,196404550.2,240787809.9,295363409.7,1.885423348,2.542637908,3.465486444,21920639.3,26979872.29,32526016.05,269937037.6,342281692.5,430915664.3
Q3 2025,6,2025-07-01,2025-09-30,AMD,MI355X,884.2619708,1131.369282,1439.73887,15032453.5,22627385.63,31674255.14,0.07881552255,0.1072525107,0.1405903022,3547.673934,4532.153872,5757.436084,35476739.34,54385846.47,80604105.18,1.911204813,2.613133764,3.570502998,189767619.8,244990066.4,317227288.8,1.821710855,2.587012316,3.722014417,14029184.72,20200018.22,28562461.95,254305997.3,342203316.7,458068111
Q3 2025,6,2025-07-01,2025-09-30,Amazon,Trainium2,7307.642417,7995.61968,8729.855578,116922278.7,139923344.4,165867256,0.6513405243,0.7579755778,0.852469194,12011.2038,13040.657,14138.91555,120112038,156487884.1,197944817.7,6.470682184,7.518937372,8.768319722,453108382.8,507743470.5,575304512.9,4.349701284,5.361599478,6.750023617,104875300.5,116131577.9,126862524.7,795018000,920286276.9,1065979111
Q3 2025,6,2025-07-01,2025-09-30,Google,TPU v6e,7548.442121,9280.126235,11063.27871,120775073.9,162402209.1,210202295.4,0.6728033431,0.8797453263,1.080327641,11456.68897,13687.43102,15978.0555,114566889.7,164249172.3,223692777.1,6.171953655,7.891852122,9.908871631,213181019.3,256232471,300580482.4,2.046472298,2.70572831,3.526698139,197553445.6,235517251.7,276037461,646076428.6,818401104.1,1010513016
Q3 2025,6,2025-07-01,2025-09-30,Google,TPU v7,3190.161697,3909.993905,4668.303834,54232748.84,78199878.1,102702684.3,0.2843436328,0.3706629389,0.4558592259,6606.947675,8043.682695,9546.862009,66069476.75,96524192.34,133656068.1,3.559298411,4.637799031,5.920534579,409063466.2,506959634.6,614519776.9,3.926883615,5.353322436,7.210134658,16273017.96,25627334.83,34858684.59,545638709.7,707311039.9,885737214
Q3 2025,6,2025-07-01,2025-09-30,NVIDIA,B200,24574.49907,27456.53577,30445.34902,393191985.2,480489375.9,578461631.4,2.190359927,2.602848109,2.972984135,29581.1165,32703.45855,35934.15517,384554514.5,555958795.3,718683103.5,15.93595502,18.85604817,22.28474739,1461725643,1653298863,1881238326,14.03211714,17.45827733,22.07249004,223728440.4,250990141.5,279487700.9,2463200583,2940737176,3457870762
Q3 2025,6,2025-07-01,2025-09-30,NVIDIA,B300,46509.90618,50621.65361,55002.88175,744158498.8,885878938.2,1045054753,4.145493847,4.798874719,5.371023822,54534.32866,59157.17198,64035.85669,708946272.6,1005671924,1280717134,29.37876292,34.1086397,39.71215919,4123071571,4593259931,5181591064,39.58022052,48.50327277,60.7953897,449827815.5,495740052.1,543203187.1,6026004158,6980550845,8050566138
Q3 2025,6,2025-07-01,2025-09-30,NVIDIA,H100/H200,3601.222077,4508.691873,5402.449629,57619553.23,78902107.78,102646543,0.320982027,0.4274188199,0.5275484616,6856.493763,8243.30319,9600.584368,68564937.63,98919638.28,134408181.1,3.693734014,4.752895533,5.953850771,428411409.2,526192998.6,630171300.6,4.112617924,5.55642026,7.393773327,130774118,169255428.1,201705888.5,685370018,873270172.8,1068931913
Q3 2025,6,2025-07-01,2025-09-30,NVIDIA,H20,79.56682986,90.00975276,100.9677248,1273069.278,1575170.673,1918386.772,0.007091904299,0.008532821355,0.009859484415,185.869334,210.2641619,235.8621526,1858693.34,2523169.943,3302070.137,0.1001316277,0.1212333907,0.1462711024,7712244.901,8778764.495,9930407.684,0.07403518192,0.09270078664,0.1165130551,6150024.499,6920115.182,7735986.91,16994032.02,19797220.29,22886851.5
Q3 2025,6,2025-07-01,2025-09-30,Other,Other,947928.8715,947928.8715,947928.8715,1.777366634e+10,1.777366634e+10,1.777366634e+10,89.86257011,89.86257011,89.86257011,24859.87525,24859.87525,24859.87525,298318503,298318503,298318503,14.33362177,14.33362177,14.33362177,743775535.8,743775535.8,743775535.8,7.85401833,7.85401833,7.85401833,0,0,0,1.881576038e+10,1.881576038e+10,1.881576038e+10
Q4 2025,7,2025-10-01,2025-12-31,AMD,MI300X,89.65002253,171.3540663,259.9007675,1434400.361,2998696.16,4938114.582,0.007734152577,0.01579265494,0.02469327993,493.1098294,833.7377209,1200.136825,4931098.294,10004852.65,16801915.54,0.2327362027,0.4214787847,0.6531356869,17032661.94,28766322.49,41709204.28,0.1358266503,0.2523361622,0.4065224589,3787459.351,5261518.075,7036988.47,27185619.95,47031389.38,70486222.88
Q4 2025,7,2025-10-01,2025-12-31,AMD,MI325X,449.1974396,660.0528091,925.818868,7187159.033,11550924.16,17590558.49,0.03875248925,0.06083302535,0.0879624354,2063.975776,2987.01351,4161.006048,20639757.76,35844162.12,58254084.67,0.9741478587,1.510022628,2.264493087,105870447.3,154334210.4,215261078.3,0.8442619403,1.353808863,2.098061192,9894913.437,14950645.75,21611369.61,143592277.5,216679942.4,312717091
Q4 2025,7,2025-10-01,2025-12-31,AMD,MI350X,727.7969217,947.7841091,1223.573873,12372547.67,18955682.18,26918625.2,0.06278740683,0.08735145725,0.1162522621,3248.093267,4161.979395,5298.451838,32480932.67,49943752.74,74178325.73,1.533023371,2.104002222,2.883511204,182568159.2,239277115.9,310856166.6,1.455886437,2.09892207,3.029787199,24172225.1,30659454.46,38158507.69,251593864.6,338836005.3,450111625.3
Q4 2025,7,2025-10-01,2025-12-31,AMD,MI355X,1308.643704,1652.437459,2054.891298,22246942.97,33048749.18,45207608.56,0.1128973512,0.1522950413,0.1952360762,5518.225098,6931.719308,8589.39276,55182250.98,83180631.7,120251498.6,2.604472023,3.504186696,4.674499461,308136103.9,395731427.7,504379493.3,2.457225709,3.471328313,4.915979467,38582736.13,49653933.26,63572970.14,424148034,561614741.9,733411570.7
Q4 2025,7,2025-10-01,2025-12-31,Amazon,Trainium2,7742.582174,9288.631989,10827.25449,123881314.8,162551059.8,205717835.4,0.667956462,0.8560763282,1.028701949,12887.69073,15151.63346,17410.55826,128876907.3,181819601.5,243747815.6,6.082685888,7.659593532,9.475133745,494848492.8,591026118.9,699684461.7,3.94616023,5.184439639,6.819536664,120620636,134563187.3,149140335.1,868227350.8,1069959967,1298290448
Q4 2025,7,2025-10-01,2025-12-31,Google,TPU v6e,2595.143653,3737.600063,4850.037392,41522298.44,65408001.09,92150710.44,0.2238843494,0.3444717093,0.4608040682,4304.123938,5870.323472,7424.057635,43041239.38,70443881.66,103936806.9,2.031444927,2.967620081,4.040303475,80163362.81,109903714.8,139224111.7,0.6392612664,0.9640676738,1.356960153,91759480.69,127233432.5,163226500,256486381.3,372989030.1,498538129
Q4 2025,7,2025-10-01,2025-12-31,Google,TPU v7,5591.861418,6592.00973,7675.498631,95061644.11,131840194.6,168860969.9,0.4824126997,0.6075451684,0.7292523147,12340.1311,14399.69843,16570.04392,123401311,172796381.2,231980614.9,5.824250666,7.279468402,9.017710978,762070937.3,907041722.4,1074601927,6.077120712,7.956506337,10.473703,83020448.86,103217004.2,124466501.2,1063554341,1314895302,1599910013
Q4 2025,7,2025-10-01,2025-12-31,NVIDIA,B200,21003.44636,27442.19437,34156.15463,336055141.8,480238401.5,648966938,1.811977892,2.529179003,3.245190446,26066.15067,32227.27035,38321.23004,338859958.7,547863596,766424600.8,12.30260799,16.29182703,20.85509118,1428812943,1742605828,2087074916,11.39404261,15.28601603,20.34186078,277484234.9,313934392.1,352103189.4,2381212279,3084642217,3854569644
Q4 2025,7,2025-10-01,2025-12-31,NVIDIA,B300,67996.13454,75587.13579,85012.57378,1087938153,1322774876,1615238902,5.866060758,6.966403421,8.077079964,76207.23715,82405.72787,88962.50948,990694083,1400897374,1779250190,35.96801754,41.65850382,48.41497115,6042173126,6724253879,7546928553,48.18319877,58.98468315,73.55680851,628472453.3,692006282.2,758650215,8749277815,1.013993241e+10,1.170006786e+10
Q4 2025,7,2025-10-01,2025-12-31,NVIDIA,H100/H200,451.9001185,733.5734055,1022.84399,7230401.897,12837534.6,19434035.81,0.03898565073,0.06760896849,0.09718083257,1055.645603,1713.638718,2389.379236,10556456.03,20563664.61,33451309.31,0.4982398124,0.8662944545,1.300342442,66764072.05,109414277.4,154807253.6,0.532408868,0.9597743634,1.508842628,36910892.51,60058672.63,83443311.69,121461822.5,202874149.3,291135910.5
Q4 2025,7,2025-10-01,2025-12-31,Other,Other,958211.0357,958211.0357,958211.0357,1.796645692e+10,1.796645692e+10,1.796645692e+10,88.31244322,88.31244322,88.31244322,31129.75776,31129.75776,31129.75776,373557093.2,373557093.2,373557093.2,15.73700235,15.73700235,15.73700235,397645383,397645383,397645383,3.488117395,3.488117395,3.488117395,0,0,0,1.87376594e+10,1.87376594e+10,1.87376594e+10
