Plot_ID,Section,Chart_title,Datasets_used,What_the_chart_shows,Methodology_reference,Chart_link,Status,Owning_dataset,Granularity,Year,Coverage,Source_files,Data_treatment,Source_name,Source_url,Legacy_anchor
OWNERS-01,Epoch AI — Published Visualizations,Installed AI compute by owner,,"Installed compute in H100-equivalents by owner, quarter by quarter.
Note — 334-fold growth from 2022Q1 to 2025Q4; ""Other"", ""China"" and ""China (smuggled)"" are aggregates, not companies","Methodology reference pending final methodology document
Derivation follows Epoch AI's published AI chip owners documentation",,,Epoch AI — AI Chip Owners,One owner in one quarter,2022Q1 to 2025Q4 — 16 complete quarters,"10 owners, 16 quarters, 20.9M H100e at 2025Q4",cumulative_by_designer.csv,Incomplete quarters excluded (2026Q1: every row flagged at source and the cumulative total falls); medians carried with Epoch's 5th–95th percentile,Epoch AI — AI Chip Owners,https://epoch.ai/data/ai-chip-owners,
OWNERS-02,Epoch AI — Published Visualizations,Installed base by chip type,,"The same installed base broken out by chip type, top 9 named and the rest pooled.
Note — Blackwell parts became the largest slice within two years while Hopper is still second","Methodology reference pending final methodology document
Derivation follows Epoch AI's published AI chip owners documentation",,,Epoch AI — AI Chip Owners,One chip type in one quarter,2022Q1 to 2025Q4 — 16 complete quarters,25 chip types across 16 quarters,cumulative_by_chip_type.csv,Incomplete quarters excluded (2026Q1: every row flagged at source and the cumulative total falls); medians carried with Epoch's 5th–95th percentile,Epoch AI — AI Chip Owners,https://epoch.ai/data/ai-chip-owners,
OWNERS-D01,Derived Analysis,Owner concentration of installed compute,,"How concentrated ownership is, as ranked shares against a cumulative curve.
Note — Five owners hold 79% of the world's installed AI compute","Methodology reference pending final methodology document
Derivation follows Epoch AI's published AI chip owners documentation",,,Epoch AI — AI Chip Owners,One owner,2022Q1 to 2025Q4 — 16 complete quarters,10 owners at 2025Q4,cumulative_by_designer.csv,"Shares of the tracked total; ""Other"" ranking third is a statement about coverage, not a company",Epoch AI — AI Chip Owners,https://epoch.ai/data/ai-chip-owners,
OWNERS-D02,Derived Analysis,The interval behind every estimate,,"Epoch's published 5th–95th percentile beside each owner's median.
Note — The interval runs from 0.12x the median for CoreWeave to 1.96x for smuggled Chinese capacity","Methodology reference pending final methodology document
Derivation follows Epoch AI's published AI chip owners documentation",,,Epoch AI — AI Chip Owners,One owner,2022Q1 to 2025Q4 — 16 complete quarters,10 owners at 2025Q4,cumulative_by_designer.csv,Published percentiles as-is; interval width expressed as a multiple of the median,Epoch AI — AI Chip Owners,https://epoch.ai/data/ai-chip-owners,
OWNERS-D03,Derived Analysis,Own silicon against bought-in,,"How much of each owner's fleet is silicon they designed themselves.
Note — Google runs 76% of its compute on its own TPUs and Amazon 42% on Trainium; every other holder buys all of it","Methodology reference pending final methodology document
Derivation follows Epoch AI's published AI chip owners documentation",,,Epoch AI — AI Chip Owners,"One owner, split by manufacturer",2022Q1 to 2025Q4 — 16 complete quarters,10 owners x 6 manufacturers,cumulative_by_designer.csv,Own silicon is where the owner and the chip manufacturer are the same organisation,Epoch AI — AI Chip Owners,https://epoch.ai/data/ai-chip-owners,
OWNERS-D04,Derived Analysis,Compute added each quarter,,"What was added in each quarter rather than what stood installed, against the running total.
Note — A single quarter now adds more than the entire installed base of two years earlier","Methodology reference pending final methodology document
Derivation follows Epoch AI's published AI chip owners documentation",,,Epoch AI — AI Chip Owners,One quarter,2022Q1 to 2025Q4 — 16 complete quarters,16 quarters of additions,quarters_by_chip_type.csv + cumulative_by_designer.csv,Read from Epoch's own quarterly file rather than by differencing the cumulative one,Epoch AI — AI Chip Owners,https://epoch.ai/data/ai-chip-owners,
