date,chip_type,units
2023-01-01,Trainium2,0.0
2023-04-01,Trainium2,0.0
2023-07-01,Trainium2,0.0
2023-10-01,Trainium2,0.0
2024-01-01,Trainium2,0.0
2024-04-01,Trainium2,0.0
2024-07-01,Trainium2,0.0
2024-10-01,Trainium2,0.0
2025-01-01,Trainium2,295326.0
2025-04-01,Trainium2,295326.0
2025-07-01,Trainium2,1079081.0
2025-10-01,Trainium2,1108405.0
2026-01-01,Trainium2,1404643.0
2026-04-01,Trainium2,1833598.0
2026-07-01,Trainium2,2120436.0
2026-10-01,Trainium2,2154647.0
2027-01-01,Trainium2,2154647.0
2027-04-01,Trainium2,2154647.0
2027-07-01,Trainium2,2257023.0
2027-10-01,Trainium2,2257023.0
2028-01-01,Trainium2,2257023.0
2028-04-01,Trainium2,2714200.0
2028-07-01,Trainium2,2714200.0
2028-10-01,Trainium2,2714200.0
2029-01-01,Trainium2,2714200.0
2029-04-01,Trainium2,2714200.0
2029-07-01,Trainium2,2714200.0
2029-10-01,Trainium2,2714200.0
2030-01-01,Trainium2,2714200.0
2023-01-01,Trainium3,0.0
2023-04-01,Trainium3,0.0
2023-07-01,Trainium3,0.0
2023-10-01,Trainium3,0.0
2024-01-01,Trainium3,0.0
2024-04-01,Trainium3,0.0
2024-07-01,Trainium3,0.0
2024-10-01,Trainium3,0.0
2025-01-01,Trainium3,0.0
2025-04-01,Trainium3,0.0
2025-07-01,Trainium3,0.0
2025-10-01,Trainium3,0.0
2026-01-01,Trainium3,0.0
2026-04-01,Trainium3,0.0
2026-07-01,Trainium3,0.0
2026-10-01,Trainium3,0.0
2027-01-01,Trainium3,0.0
2027-04-01,Trainium3,0.0
2027-07-01,Trainium3,0.0
2027-10-01,Trainium3,34211.0
2028-01-01,Trainium3,34211.0
2028-04-01,Trainium3,34211.0
2028-07-01,Trainium3,34211.0
2028-10-01,Trainium3,536603.0
2029-01-01,Trainium3,536603.0
2029-04-01,Trainium3,536603.0
2029-07-01,Trainium3,536603.0
2029-10-01,Trainium3,536603.0
2030-01-01,Trainium3,536603.0
2023-01-01,B200,0.0
2023-04-01,B200,0.0
2023-07-01,B200,0.0
2023-10-01,B200,0.0
2024-01-01,B200,0.0
2024-04-01,B200,0.0
2024-07-01,B200,0.0
2024-10-01,B200,0.0
2025-01-01,B200,0.0
2025-04-01,B200,45455.0
2025-07-01,B200,146818.0
2025-10-01,B200,363459.0
2026-01-01,B200,766686.0
2026-04-01,B200,1080635.0
2026-07-01,B200,1674193.0
2026-10-01,B200,1780781.0
2027-01-01,B200,1910428.0
2027-04-01,B200,2086819.0
2027-07-01,B200,2210066.0
2027-10-01,B200,2255999.0
2028-01-01,B200,2382300.0
2028-04-01,B200,2382300.0
2028-07-01,B200,2382300.0
2028-10-01,B200,2382300.0
2029-01-01,B200,2445450.0
2029-04-01,B200,2445450.0
2029-07-01,B200,2445450.0
2029-10-01,B200,2445450.0
2030-01-01,B200,2445450.0
2023-01-01,H200,0.0
2023-04-01,H200,0.0
2023-07-01,H200,0.0
2023-10-01,H200,0.0
2024-01-01,H200,0.0
2024-04-01,H200,0.0
2024-07-01,H200,0.0
2024-10-01,H200,0.0
2025-01-01,H200,0.0
2025-04-01,H200,0.0
2025-07-01,H200,0.0
2025-10-01,H200,50000.0
2026-01-01,H200,50000.0
2026-04-01,H200,117199.0
2026-07-01,H200,166807.0
2026-10-01,H200,166807.0
2027-01-01,H200,166807.0
2027-04-01,H200,166807.0
2027-07-01,H200,234006.0
2027-10-01,H200,234006.0
2028-01-01,H200,234006.0
2028-04-01,H200,234006.0
2028-07-01,H200,234006.0
2028-10-01,H200,234006.0
2029-01-01,H200,234006.0
2029-04-01,H200,234006.0
2029-07-01,H200,234006.0
2029-10-01,H200,234006.0
2030-01-01,H200,234006.0
2023-01-01,H20,0.0
2023-04-01,H20,0.0
2023-07-01,H20,0.0
2023-10-01,H20,0.0
2024-01-01,H20,0.0
2024-04-01,H20,0.0
2024-07-01,H20,0.0
2024-10-01,H20,0.0
2025-01-01,H20,0.0
2025-04-01,H20,0.0
2025-07-01,H20,0.0
2025-10-01,H20,106606.0
2026-01-01,H20,106606.0
2026-04-01,H20,213211.0
2026-07-01,H20,213211.0
2026-10-01,H20,213211.0
2027-01-01,H20,213211.0
2027-04-01,H20,213211.0
2027-07-01,H20,213211.0
2027-10-01,H20,213211.0
2028-01-01,H20,213211.0
2028-04-01,H20,213211.0
2028-07-01,H20,213211.0
2028-10-01,H20,213211.0
2029-01-01,H20,213211.0
2029-04-01,H20,213211.0
2029-07-01,H20,213211.0
2029-10-01,H20,213211.0
2030-01-01,H20,213211.0
2023-01-01,TPU v7,0.0
2023-04-01,TPU v7,0.0
2023-07-01,TPU v7,0.0
2023-10-01,TPU v7,0.0
2024-01-01,TPU v7,0.0
2024-04-01,TPU v7,0.0
2024-07-01,TPU v7,0.0
2024-10-01,TPU v7,0.0
2025-01-01,TPU v7,0.0
2025-04-01,TPU v7,0.0
2025-07-01,TPU v7,0.0
2025-10-01,TPU v7,37680.0
2026-01-01,TPU v7,64828.0
2026-04-01,TPU v7,64828.0
2026-07-01,TPU v7,212160.0
2026-10-01,TPU v7,248773.0
2027-01-01,TPU v7,248773.0
2027-04-01,TPU v7,284649.0
2027-07-01,TPU v7,284649.0
2027-10-01,TPU v7,284649.0
2028-01-01,TPU v7,284649.0
2028-04-01,TPU v7,284649.0
2028-07-01,TPU v7,284649.0
2028-10-01,TPU v7,284649.0
2029-01-01,TPU v7,284649.0
2029-04-01,TPU v7,284649.0
2029-07-01,TPU v7,284649.0
2029-10-01,TPU v7,284649.0
2030-01-01,TPU v7,284649.0
2023-01-01,A100,25000.0
2023-04-01,A100,72033.0
2023-07-01,A100,72033.0
2023-10-01,A100,146811.0
2024-01-01,A100,146811.0
2024-04-01,A100,146811.0
2024-07-01,A100,146811.0
2024-10-01,A100,146811.0
2025-01-01,A100,182895.0
2025-04-01,A100,184343.0
2025-07-01,A100,184343.0
2025-10-01,A100,184343.0
2026-01-01,A100,184343.0
2026-04-01,A100,184343.0
2026-07-01,A100,184343.0
2026-10-01,A100,184343.0
2027-01-01,A100,184343.0
2027-04-01,A100,184343.0
2027-07-01,A100,184343.0
2027-10-01,A100,184343.0
2028-01-01,A100,184343.0
2028-04-01,A100,184343.0
2028-07-01,A100,184343.0
2028-10-01,A100,184343.0
2029-01-01,A100,184343.0
2029-04-01,A100,184343.0
2029-07-01,A100,184343.0
2029-10-01,A100,184343.0
2030-01-01,A100,184343.0
2023-01-01,H100,0.0
2023-04-01,H100,0.0
2023-07-01,H100,61831.0
2023-10-01,H100,61831.0
2024-01-01,H100,61831.0
2024-04-01,H100,76631.0
2024-07-01,H100,155548.0
2024-10-01,H100,216459.0
2025-01-01,H100,534399.0
2025-04-01,H100,598115.0
2025-07-01,H100,598115.0
2025-10-01,H100,748115.0
2026-01-01,H100,748115.0
2026-04-01,H100,748115.0
2026-07-01,H100,794227.0
2026-10-01,H100,794227.0
2027-01-01,H100,794227.0
2027-04-01,H100,794227.0
2027-07-01,H100,794227.0
2027-10-01,H100,794227.0
2028-01-01,H100,794227.0
2028-04-01,H100,794227.0
2028-07-01,H100,794227.0
2028-10-01,H100,794227.0
2029-01-01,H100,794227.0
2029-04-01,H100,794227.0
2029-07-01,H100,794227.0
2029-10-01,H100,794227.0
2030-01-01,H100,794227.0
2023-01-01,B300,0.0
2023-04-01,B300,0.0
2023-07-01,B300,0.0
2023-10-01,B300,0.0
2024-01-01,B300,0.0
2024-04-01,B300,0.0
2024-07-01,B300,0.0
2024-10-01,B300,0.0
2025-01-01,B300,0.0
2025-04-01,B300,0.0
2025-07-01,B300,0.0
2025-10-01,B300,0.0
2026-01-01,B300,141227.0
2026-04-01,B300,473382.535
2026-07-01,B300,1225748.529
2026-10-01,B300,1475509.764
2027-01-01,B300,2124569.999
2027-04-01,B300,2579304.999
2027-07-01,B300,2579304.999
2027-10-01,B300,2579304.999
2028-01-01,B300,2579304.999
2028-04-01,B300,2579304.999
2028-07-01,B300,2579304.999
2028-10-01,B300,2579304.999
2029-01-01,B300,2579304.999
2029-04-01,B300,2579304.999
2029-07-01,B300,2579304.999
2029-10-01,B300,2579304.999
2030-01-01,B300,2579304.999
2023-01-01,Rubin,0.0
2023-04-01,Rubin,0.0
2023-07-01,Rubin,0.0
2023-10-01,Rubin,0.0
2024-01-01,Rubin,0.0
2024-04-01,Rubin,0.0
2024-07-01,Rubin,0.0
2024-10-01,Rubin,0.0
2025-01-01,Rubin,0.0
2025-04-01,Rubin,0.0
2025-07-01,Rubin,0.0
2025-10-01,Rubin,0.0
2026-01-01,Rubin,0.0
2026-04-01,Rubin,0.0
2026-07-01,Rubin,0.0
2026-10-01,Rubin,0.0
2027-01-01,Rubin,158619.0
2027-04-01,Rubin,158619.0
2027-07-01,Rubin,158619.0
2027-10-01,Rubin,524934.0
2028-01-01,Rubin,1499192.0
2028-04-01,Rubin,1659958.0
2028-07-01,Rubin,1659958.0
2028-10-01,Rubin,1659958.0
2029-01-01,Rubin,1659958.0
2029-04-01,Rubin,1659958.0
2029-07-01,Rubin,1659958.0
2029-10-01,Rubin,1659958.0
2030-01-01,Rubin,1659958.0
2023-01-01,TPU v5e,0.0
2023-04-01,TPU v5e,35553.0
2023-07-01,TPU v5e,35553.0
2023-10-01,TPU v5e,241016.0
2024-01-01,TPU v5e,398121.0
2024-04-01,TPU v5e,497540.0
2024-07-01,TPU v5e,874330.0
2024-10-01,TPU v5e,1172110.0
2025-01-01,TPU v5e,1293022.0
2025-04-01,TPU v5e,1293022.0
2025-07-01,TPU v5e,1293022.0
2025-10-01,TPU v5e,1293022.0
2026-01-01,TPU v5e,1293022.0
2026-04-01,TPU v5e,1293022.0
2026-07-01,TPU v5e,1293022.0
2026-10-01,TPU v5e,1293021.0
2027-01-01,TPU v5e,1293021.0
2027-04-01,TPU v5e,1293021.0
2027-07-01,TPU v5e,1293021.0
2027-10-01,TPU v5e,1293021.0
2028-01-01,TPU v5e,1293021.0
2028-04-01,TPU v5e,1293021.0
2028-07-01,TPU v5e,1293021.0
2028-10-01,TPU v5e,1293021.0
2029-01-01,TPU v5e,1293021.0
2029-04-01,TPU v5e,1293021.0
2029-07-01,TPU v5e,1293021.0
2029-10-01,TPU v5e,1293021.0
2030-01-01,TPU v5e,1293021.0
2023-01-01,TPU v5p,0.0
2023-04-01,TPU v5p,0.0
2023-07-01,TPU v5p,0.0
2023-10-01,TPU v5p,0.0
2024-01-01,TPU v5p,7273.0
2024-04-01,TPU v5p,34890.0
2024-07-01,TPU v5p,139554.0
2024-10-01,TPU v5p,278442.0
2025-01-01,TPU v5p,328822.0
2025-04-01,TPU v5p,359035.0
2025-07-01,TPU v5p,380139.0
2025-10-01,TPU v5p,380139.0
2026-01-01,TPU v5p,380139.0
2026-04-01,TPU v5p,380139.0
2026-07-01,TPU v5p,380138.0
2026-10-01,TPU v5p,380137.0
2027-01-01,TPU v5p,380137.0
2027-04-01,TPU v5p,380137.0
2027-07-01,TPU v5p,380137.0
2027-10-01,TPU v5p,380137.0
2028-01-01,TPU v5p,380137.0
2028-04-01,TPU v5p,380137.0
2028-07-01,TPU v5p,380137.0
2028-10-01,TPU v5p,380137.0
2029-01-01,TPU v5p,380137.0
2029-04-01,TPU v5p,380137.0
2029-07-01,TPU v5p,380137.0
2029-10-01,TPU v5p,380137.0
2030-01-01,TPU v5p,380137.0
2023-01-01,TPU v6e,0.0
2023-04-01,TPU v6e,0.0
2023-07-01,TPU v6e,0.0
2023-10-01,TPU v6e,0.0
2024-01-01,TPU v6e,0.0
2024-04-01,TPU v6e,0.0
2024-07-01,TPU v6e,0.0
2024-10-01,TPU v6e,42991.0
2025-01-01,TPU v6e,138448.0
2025-04-01,TPU v6e,310185.0
2025-07-01,TPU v6e,926691.0
2025-10-01,TPU v6e,1212260.0
2026-01-01,TPU v6e,1418015.0
2026-04-01,TPU v6e,1418015.0
2026-07-01,TPU v6e,1489226.0
2026-10-01,TPU v6e,1516080.0
2027-01-01,TPU v6e,1516080.0
2027-04-01,TPU v6e,1542393.0
2027-07-01,TPU v6e,1542393.0
2027-10-01,TPU v6e,1542393.0
2028-01-01,TPU v6e,1542393.0
2028-04-01,TPU v6e,1542393.0
2028-07-01,TPU v6e,1542393.0
2028-10-01,TPU v6e,1542393.0
2029-01-01,TPU v6e,1542393.0
2029-04-01,TPU v6e,1542393.0
2029-07-01,TPU v6e,1542393.0
2029-10-01,TPU v6e,1542393.0
2030-01-01,TPU v6e,1542393.0
2023-01-01,TPU v4,0.0
2023-04-01,TPU v4,194429.0
2023-07-01,TPU v4,194429.0
2023-10-01,TPU v4,194429.0
2024-01-01,TPU v4,194429.0
2024-04-01,TPU v4,194429.0
2024-07-01,TPU v4,194429.0
2024-10-01,TPU v4,194429.0
2025-01-01,TPU v4,194429.0
2025-04-01,TPU v4,194429.0
2025-07-01,TPU v4,194429.0
2025-10-01,TPU v4,194429.0
2026-01-01,TPU v4,194429.0
2026-04-01,TPU v4,194429.0
2026-07-01,TPU v4,194429.0
2026-10-01,TPU v4,194429.0
2027-01-01,TPU v4,194429.0
2027-04-01,TPU v4,194429.0
2027-07-01,TPU v4,194429.0
2027-10-01,TPU v4,194429.0
2028-01-01,TPU v4,194429.0
2028-04-01,TPU v4,194429.0
2028-07-01,TPU v4,194429.0
2028-10-01,TPU v4,194429.0
2029-01-01,TPU v4,194429.0
2029-04-01,TPU v4,194429.0
2029-07-01,TPU v4,194429.0
2029-10-01,TPU v4,194429.0
2030-01-01,TPU v4,194429.0
2023-01-01,Ascend 910C,0.0
2023-04-01,Ascend 910C,0.0
2023-07-01,Ascend 910C,0.0
2023-10-01,Ascend 910C,0.0
2024-01-01,Ascend 910C,0.0
2024-04-01,Ascend 910C,0.0
2024-07-01,Ascend 910C,0.0
2024-10-01,Ascend 910C,0.0
2025-01-01,Ascend 910C,45592.0
2025-04-01,Ascend 910C,122480.0
2025-07-01,Ascend 910C,211056.0
2025-10-01,Ascend 910C,211056.0
2026-01-01,Ascend 910C,384208.0
2026-04-01,Ascend 910C,419360.0
2026-07-01,Ascend 910C,477947.0
2026-10-01,Ascend 910C,477947.0
2027-01-01,Ascend 910C,477947.0
2027-04-01,Ascend 910C,477947.0
2027-07-01,Ascend 910C,477947.0
2027-10-01,Ascend 910C,477947.0
2028-01-01,Ascend 910C,477947.0
2028-04-01,Ascend 910C,477947.0
2028-07-01,Ascend 910C,477947.0
2028-10-01,Ascend 910C,477947.0
2029-01-01,Ascend 910C,477947.0
2029-04-01,Ascend 910C,477947.0
2029-07-01,Ascend 910C,477947.0
2029-10-01,Ascend 910C,477947.0
2030-01-01,Ascend 910C,477947.0
