equipment,manufacturer,area_m2,capacity_kw
Cooling tower (wet),BAC,18.35,1001.0
Cooling tower (wet),BAC,15.89,1005.0
Cooling tower (wet),BAC,14.28,1010.0
Cooling tower (wet),BAC,18.86,1014.0
Cooling tower (wet),BAC,14.28,1023.0
Cooling tower (wet),BAC,12.37,1023.0
Cooling tower (wet),BAC,8.95,1036.0
Cooling tower (wet),BAC,20.35,1049.0
Cooling tower (wet),BAC,17.37,1058.0
Cooling tower (wet),BAC,15.89,1067.0
Cooling tower (wet),BAC,18.35,1071.0
Cooling tower (wet),BAC,12.63,1084.0
Cooling tower (wet),BAC,18.86,1089.0
Cooling tower (wet),BAC,19.79,1106.0
Cooling tower (wet),BAC,11.32,1111.0
Cooling tower (wet),BAC,17.37,1119.0
Cooling tower (wet),BAC,14.28,1124.0
Cooling tower (wet),BAC,14.28,1124.0
Cooling tower (wet),BAC,20.35,1128.0
Cooling tower (wet),BAC,14.28,1150.0
Cooling tower (wet),BAC,18.86,1155.0
Cooling tower (wet),BAC,15.89,1155.0
Cooling tower (wet),BAC,12.37,1159.0
Cooling tower (wet),BAC,18.35,1190.0
Cooling tower (wet),BAC,20.35,1194.0
Cooling tower (wet),BAC,11.32,1212.0
Cooling tower (wet),BAC,17.37,1212.0
Cooling tower (wet),BAC,19.79,1216.0
Cooling tower (wet),BAC,18.35,1225.0
Cooling tower (wet),BAC,23.73,1225.0
Cooling tower (wet),BAC,12.63,1238.0
Cooling tower (wet),BAC,18.86,1251.0
Cooling tower (wet),BAC,15.89,1260.0
Cooling tower (wet),BAC,14.28,1264.0
Cooling tower (wet),BAC,12.37,1269.0
Cooling tower (wet),BAC,24.67,1277.0
Cooling tower (wet),BAC,14.28,1282.0
Cooling tower (wet),BAC,14.28,1286.0
Cooling tower (wet),BAC,20.35,1295.0
Cooling tower (wet),BAC,17.37,1326.0
Cooling tower (wet),BAC,26.9,1339.0
Cooling tower (wet),BAC,18.35,1348.0
Cooling tower (wet),BAC,12.63,1357.0
Cooling tower (wet),BAC,12.37,1361.0
Cooling tower (wet),BAC,18.35,1361.0
Cooling tower (wet),BAC,18.86,1365.0
Cooling tower (wet),BAC,15.95,1387.0
Cooling tower (wet),BAC,29.13,1396.0
Cooling tower (wet),BAC,19.79,1396.0
Cooling tower (wet),BAC,23.73,1396.0
Cooling tower (wet),BAC,24.67,1400.0
Cooling tower (wet),BAC,14.28,1405.0
Cooling tower (wet),BAC,14.28,1414.0
Cooling tower (wet),BAC,20.35,1418.0
Cooling tower (wet),BAC,15.89,1440.0
Cooling tower (wet),BAC,14.28,1444.0
Cooling tower (wet),BAC,31.35,1444.0
Cooling tower (wet),BAC,12.63,1457.0
Cooling tower (wet),BAC,26.9,1471.0
Cooling tower (wet),BAC,18.35,1493.0
Cooling tower (wet),BAC,17.37,1510.0
Cooling tower (wet),BAC,15.95,1519.0
Cooling tower (wet),BAC,29.13,1528.0
Cooling tower (wet),BAC,18.35,1537.0
Cooling tower (wet),BAC,23.73,1537.0
Cooling tower (wet),BAC,23.73,1554.0
Cooling tower (wet),BAC,18.86,1558.0
Cooling tower (wet),BAC,15.89,1572.0
Cooling tower (wet),BAC,31.35,1585.0
Cooling tower (wet),BAC,14.28,1585.0
Cooling tower (wet),BAC,14.28,1602.0
Cooling tower (wet),BAC,24.67,1607.0
Cooling tower (wet),BAC,20.35,1616.0
Cooling tower (wet),BAC,19.79,1637.0
Cooling tower (wet),BAC,17.37,1651.0
Cooling tower (wet),BAC,18.07,1659.0
Cooling tower (wet),BAC,15.89,1681.0
Cooling tower (wet),BAC,18.35,1686.0
Cooling tower (wet),BAC,26.9,1690.0
Cooling tower (wet),BAC,18.86,1699.0
Cooling tower (wet),BAC,14.28,1703.0
Cooling tower (wet),BAC,18.35,1703.0
Cooling tower (wet),BAC,23.73,1708.0
Cooling tower (wet),BAC,31.32,1738.0
Cooling tower (wet),BAC,15.95,1738.0
Cooling tower (wet),BAC,23.73,1752.0
Cooling tower (wet),BAC,14.28,1756.0
Cooling tower (wet),BAC,20.35,1760.0
Cooling tower (wet),BAC,15.89,1760.0
Cooling tower (wet),BAC,29.13,1760.0
Cooling tower (wet),BAC,17.37,1765.0
Cooling tower (wet),BAC,14.28,1782.0
Cooling tower (wet),BAC,18.35,1809.0
Cooling tower (wet),BAC,18.86,1817.0
Cooling tower (wet),BAC,31.35,1822.0
Cooling tower (wet),BAC,17.37,1848.0
Cooling tower (wet),BAC,18.35,1866.0
Cooling tower (wet),BAC,19.79,1875.0
Cooling tower (wet),BAC,14.28,1883.0
Cooling tower (wet),BAC,20.35,1883.0
Cooling tower (wet),BAC,24.67,1888.0
Cooling tower (wet),BAC,18.07,1905.0
Cooling tower (wet),BAC,18.86,1905.0
Cooling tower (wet),BAC,31.32,1910.0
Cooling tower (wet),BAC,18.35,1914.0
Cooling tower (wet),BAC,23.73,1923.0
Cooling tower (wet),BAC,23.73,1949.0
Cooling tower (wet),BAC,22.86,1958.0
Cooling tower (wet),BAC,20.35,1971.0
Cooling tower (wet),BAC,14.28,1980.0
Cooling tower (wet),BAC,26.9,1980.0
Cooling tower (wet),BAC,18.35,2006.0
Cooling tower (wet),BAC,17.37,2015.0
Cooling tower (wet),BAC,19.79,2046.0
Cooling tower (wet),BAC,29.13,2063.0
Cooling tower (wet),BAC,23.73,2068.0
Cooling tower (wet),BAC,18.07,2072.0
Cooling tower (wet),BAC,18.86,2098.0
Cooling tower (wet),BAC,18.35,2125.0
Cooling tower (wet),BAC,14.28,2125.0
Cooling tower (wet),BAC,31.35,2134.0
Cooling tower (wet),BAC,23.73,2138.0
Cooling tower (wet),BAC,24.67,2151.0
Cooling tower (wet),BAC,23.73,2155.0
Cooling tower (wet),BAC,20.35,2173.0
Cooling tower (wet),BAC,31.32,2182.0
Cooling tower (wet),BAC,23.73,2195.0
Cooling tower (wet),BAC,19.79,2199.0
Cooling tower (wet),BAC,22.86,2221.0
Cooling tower (wet),BAC,26.9,2256.0
Cooling tower (wet),BAC,23.73,2296.0
Cooling tower (wet),BAC,24.99,2318.0
Cooling tower (wet),BAC,23.73,2318.0
Cooling tower (wet),BAC,18.35,2327.0
Cooling tower (wet),BAC,24.67,2349.0
Cooling tower (wet),BAC,29.13,2353.0
Cooling tower (wet),BAC,31.32,2393.0
Cooling tower (wet),BAC,23.73,2393.0
Cooling tower (wet),BAC,22.86,2423.0
Cooling tower (wet),BAC,23.73,2432.0
Cooling tower (wet),BAC,31.35,2436.0
Cooling tower (wet),BAC,23.73,2454.0
Cooling tower (wet),BAC,26.9,2463.0
Cooling tower (wet),BAC,25.45,2476.0
Cooling tower (wet),BAC,24.67,2511.0
Cooling tower (wet),BAC,24.99,2537.0
Cooling tower (wet),BAC,29.13,2564.0
Cooling tower (wet),BAC,31.32,2568.0
Cooling tower (wet),BAC,28.98,2568.0
Cooling tower (wet),BAC,23.73,2634.0
Cooling tower (wet),BAC,26.9,2634.0
Cooling tower (wet),BAC,31.35,2656.0
Cooling tower (wet),BAC,24.67,2660.0
Cooling tower (wet),BAC,23.73,2665.0
Cooling tower (wet),BAC,23.73,2682.0
Cooling tower (wet),BAC,25.45,2713.0
Cooling tower (wet),BAC,24.99,2722.0
Cooling tower (wet),BAC,23.73,2722.0
Cooling tower (wet),BAC,31.32,2726.0
Cooling tower (wet),BAC,29.13,2744.0
Cooling tower (wet),BAC,26.9,2761.0
Cooling tower (wet),BAC,28.98,2823.0
Cooling tower (wet),BAC,23.73,2832.0
Cooling tower (wet),BAC,31.35,2840.0
Cooling tower (wet),BAC,23.73,2862.0
Cooling tower (wet),BAC,23.73,2875.0
Cooling tower (wet),BAC,29.13,2875.0
Cooling tower (wet),BAC,31.99,2880.0
Cooling tower (wet),BAC,23.73,2884.0
Cooling tower (wet),BAC,28.98,2889.0
Cooling tower (wet),BAC,25.45,2915.0
Cooling tower (wet),BAC,31.35,2976.0
Cooling tower (wet),BAC,23.73,2976.0
Cooling tower (wet),BAC,31.32,2985.0
Cooling tower (wet),BAC,23.73,3029.0
Cooling tower (wet),BAC,31.32,3033.0
Cooling tower (wet),BAC,23.73,3042.0
Cooling tower (wet),BAC,26.9,3047.0
Cooling tower (wet),BAC,23.73,3086.0
Cooling tower (wet),BAC,23.73,3099.0
Cooling tower (wet),BAC,31.99,3143.0
Cooling tower (wet),BAC,31.32,3148.0
Cooling tower (wet),BAC,29.13,3170.0
Cooling tower (wet),BAC,28.98,3174.0
Cooling tower (wet),BAC,23.73,3192.0
Cooling tower (wet),BAC,31.32,3200.0
Cooling tower (wet),BAC,23.73,3266.0
Cooling tower (wet),BAC,31.35,3279.0
Cooling tower (wet),BAC,34.99,3301.0
Cooling tower (wet),BAC,31.32,3314.0
Cooling tower (wet),BAC,23.73,3319.0
Cooling tower (wet),BAC,23.73,3323.0
Cooling tower (wet),BAC,31.99,3363.0
Cooling tower (wet),BAC,37.01,3367.0
Cooling tower (wet),BAC,23.73,3376.0
Cooling tower (wet),BAC,31.32,3389.0
Cooling tower (wet),BAC,37.98,3398.0
Cooling tower (wet),BAC,28.98,3407.0
Cooling tower (wet),BAC,31.32,3437.0
Cooling tower (wet),BAC,23.73,3508.0
Cooling tower (wet),BAC,28.98,3512.0
Cooling tower (wet),BAC,31.99,3521.0
Cooling tower (wet),BAC,40.97,3521.0
Cooling tower (wet),BAC,34.99,3530.0
Cooling tower (wet),BAC,31.32,3547.0
Cooling tower (wet),BAC,23.73,3556.0
Cooling tower (wet),BAC,23.73,3565.0
Cooling tower (wet),BAC,28.98,3569.0
Cooling tower (wet),BAC,31.32,3587.0
Cooling tower (wet),BAC,37.01,3613.0
Cooling tower (wet),BAC,37.98,3635.0
Cooling tower (wet),BAC,31.32,3679.0
Cooling tower (wet),BAC,23.73,3683.0
Cooling tower (wet),BAC,34.99,3696.0
Cooling tower (wet),BAC,37.01,3736.0
Cooling tower (wet),BAC,39.76,3749.0
Cooling tower (wet),BAC,31.32,3749.0
Cooling tower (wet),BAC,23.73,3758.0
Cooling tower (wet),BAC,40.97,3767.0
Cooling tower (wet),BAC,28.98,3767.0
Cooling tower (wet),BAC,37.98,3811.0
Cooling tower (wet),BAC,23.73,3815.0
Cooling tower (wet),BAC,23.73,3828.0
Cooling tower (wet),BAC,37.01,3828.0
Cooling tower (wet),BAC,31.32,3837.0
Cooling tower (wet),BAC,47.96,3850.0
Cooling tower (wet),BAC,31.32,3885.0
Cooling tower (wet),BAC,23.73,3938.0
Cooling tower (wet),BAC,40.97,3942.0
Cooling tower (wet),BAC,28.98,3964.0
Cooling tower (wet),BAC,37.01,4008.0
Cooling tower (wet),BAC,23.73,4021.0
Cooling tower (wet),BAC,23.73,4026.0
Cooling tower (wet),BAC,34.99,4030.0
Cooling tower (wet),BAC,31.32,4056.0
Cooling tower (wet),BAC,31.32,4087.0
Cooling tower (wet),BAC,39.76,4091.0
Cooling tower (wet),BAC,23.73,4096.0
Cooling tower (wet),BAC,47.96,4135.0
Cooling tower (wet),BAC,23.73,4157.0
Cooling tower (wet),BAC,37.98,4197.0
Cooling tower (wet),BAC,31.32,4236.0
Cooling tower (wet),BAC,28.98,4250.0
Cooling tower (wet),BAC,37.01,4250.0
Cooling tower (wet),BAC,49.56,4302.0
Cooling tower (wet),BAC,23.73,4307.0
Cooling tower (wet),BAC,23.73,4324.0
Cooling tower (wet),BAC,40.97,4346.0
Cooling tower (wet),BAC,31.32,4368.0
Cooling tower (wet),BAC,47.96,4386.0
Cooling tower (wet),BAC,39.76,4399.0
Cooling tower (wet),BAC,31.32,4421.0
Cooling tower (wet),BAC,23.73,4447.0
Cooling tower (wet),BAC,31.32,4526.0
Cooling tower (wet),BAC,47.96,4592.0
Cooling tower (wet),BAC,31.32,4610.0
Cooling tower (wet),BAC,23.73,4636.0
Cooling tower (wet),BAC,37.01,4653.0
Cooling tower (wet),BAC,49.56,4697.0
Cooling tower (wet),BAC,31.32,4719.0
Cooling tower (wet),BAC,31.32,4776.0
Cooling tower (wet),BAC,47.96,4869.0
Cooling tower (wet),BAC,31.32,4921.0
Cooling tower (wet),BAC,54.04,4926.0
Cooling tower (wet),BAC,31.32,4978.0
Cooling tower (wet),BAC,49.56,5022.0
Cooling tower (wet),BAC,23.73,5035.0
Cooling tower (wet),BAC,31.32,5097.0
Cooling tower (wet),BAC,58.52,5128.0
Cooling tower (wet),BAC,54.04,5268.0
Cooling tower (wet),BAC,31.32,5299.0
Cooling tower (wet),BAC,63.0,5312.0
Cooling tower (wet),BAC,49.56,5321.0
Cooling tower (wet),BAC,31.32,5334.0
Cooling tower (wet),BAC,47.96,5334.0
Cooling tower (wet),BAC,63.02,5448.0
Cooling tower (wet),BAC,58.52,5488.0
Cooling tower (wet),BAC,31.32,5488.0
Cooling tower (wet),BAC,54.04,5523.0
Cooling tower (wet),BAC,63.0,5681.0
Cooling tower (wet),BAC,47.96,5720.0
Cooling tower (wet),BAC,31.32,5720.0
Cooling tower (wet),BAC,58.52,5751.0
Cooling tower (wet),BAC,63.0,5953.0
Cooling tower (wet),BAC,63.02,5970.0
Cooling tower (wet),BAC,31.32,6032.0
Cooling tower (wet),BAC,47.96,6058.0
Cooling tower (wet),BAC,54.04,6093.0
Cooling tower (wet),BAC,31.32,6120.0
Cooling tower (wet),BAC,58.52,6339.0
Cooling tower (wet),BAC,63.02,6405.0
Cooling tower (wet),BAC,63.0,6559.0
Cooling tower (wet),BAC,47.96,6646.0
Cooling tower (wet),BAC,63.02,6783.0
Cooling tower (wet),BAC,47.96,7116.0
Cooling tower (wet),BAC,47.96,7129.0
Cooling tower (wet),BAC,47.96,7366.0
Cooling tower (wet),BAC,47.96,7516.0
Cooling tower (wet),BAC,47.96,7625.0
Cooling tower (wet),BAC,47.96,7656.0
Cooling tower (wet),BAC,47.96,7876.0
Cooling tower (wet),BAC,47.96,8042.0
Cooling tower (wet),BAC,47.96,8056.0
Cooling tower (wet),BAC,47.96,8192.0
Cooling tower (wet),BAC,47.96,8319.0
Cooling tower (wet),BAC,47.96,8609.0
Cooling tower (wet),BAC,47.96,8648.0
Cooling tower (wet),BAC,63.02,8732.0
Cooling tower (wet),BAC,47.96,8890.0
Cooling tower (wet),BAC,63.02,9052.0
Cooling tower (wet),BAC,63.02,9215.0
Cooling tower (wet),BAC,47.96,9272.0
Cooling tower (wet),BAC,63.02,9439.0
Cooling tower (wet),BAC,63.02,9548.0
Cooling tower (wet),BAC,63.02,9842.0
Cooling tower (wet),BAC,63.02,9957.0
Cooling tower (wet),BAC,47.96,10071.0
Cooling tower (wet),BAC,63.02,10194.0
Cooling tower (wet),BAC,63.02,10597.0
Cooling tower (wet),BAC,63.02,10672.0
Cooling tower (wet),BAC,63.02,10975.0
Cooling tower (wet),BAC,63.02,11436.0
Cooling tower (wet),BAC,63.02,12064.0
Cooling tower (wet),BAC,63.02,12235.0
Cooling tower (wet),Vertiv,21.88,400.0
Cooling tower (wet),Vertiv,26.71,400.0
Cooling tower (wet),BAC,7.9,404.0
Cooling tower (wet),BAC,8.95,443.0
Cooling tower (wet),BAC,7.9,443.0
Cooling tower (wet),SPX Cooling Technologies,7.77,444.0
Cooling tower (wet),BAC,8.95,487.0
Cooling tower (wet),BAC,7.9,514.0
Cooling tower (wet),SPX Cooling Technologies,7.77,514.4
Cooling tower (wet),SPX Cooling Technologies,5.61,531.9
Cooling tower (wet),BAC,8.95,562.0
Cooling tower (wet),BAC,11.32,575.0
Cooling tower (wet),BAC,12.37,601.0
Cooling tower (wet),BAC,7.9,606.0
Cooling tower (wet),SPX Cooling Technologies,5.61,611.0
Cooling tower (wet),SPX Cooling Technologies,7.77,611.1
Cooling tower (wet),BAC,8.95,659.0
Cooling tower (wet),BAC,11.32,663.0
Cooling tower (wet),SPX Cooling Technologies,5.61,677.0
Cooling tower (wet),SPX Cooling Technologies,11.05,712.3
Cooling tower (wet),BAC,7.9,694.0
Cooling tower (wet),BAC,12.37,694.0
Cooling tower (wet),SPX Cooling Technologies,7.77,699.0
Cooling tower (wet),BAC,12.63,733.0
Cooling tower (wet),BAC,14.28,751.0
Cooling tower (wet),BAC,7.9,759.0
Cooling tower (wet),BAC,8.95,764.0
Cooling tower (wet),SPX Cooling Technologies,5.61,764.9
Cooling tower (wet),SPX Cooling Technologies,7.77,769.4
Cooling tower (wet),BAC,11.32,781.0
Cooling tower (wet),SPX Cooling Technologies,9.73,800.1
Cooling tower (wet),BAC,12.63,803.0
Cooling tower (wet),BAC,12.37,817.0
Cooling tower (wet),SPX Cooling Technologies,11.05,846.3
Cooling tower (wet),BAC,8.95,830.0
Cooling tower (wet),BAC,14.28,852.0
Cooling tower (wet),BAC,15.89,856.0
Cooling tower (wet),SPX Cooling Technologies,14.17,901.3
Cooling tower (wet),BAC,12.63,865.0
Cooling tower (wet),BAC,7.9,869.0
Cooling tower (wet),SPX Cooling Technologies,7.77,870.5
Cooling tower (wet),SPX Cooling Technologies,9.73,879.3
Cooling tower (wet),Aggreko,14.88,879.3
Cooling tower (wet),BAC,14.28,891.0
Cooling tower (wet),BAC,11.32,896.0
Cooling tower (wet),BAC,17.37,896.0
Cooling tower (wet),BAC,18.35,904.0
Cooling tower (wet),BAC,12.63,913.0
Cooling tower (wet),BAC,18.86,926.0
Cooling tower (wet),SPX Cooling Technologies,11.05,967.1
Cooling tower (wet),BAC,12.37,935.0
Cooling tower (wet),BAC,15.89,935.0
Cooling tower (wet),BAC,14.28,948.0
Cooling tower (wet),BAC,8.95,953.0
Cooling tower (wet),SPX Cooling Technologies,9.73,967.1
Cooling tower (wet),BAC,11.32,979.0
Cooling tower (wet),BAC,17.37,983.0
Cooling tower (wet),BAC,12.63,992.0
Cooling tower (wet),SPX Cooling Technologies,11.05,1072.6
Cooling tower (wet),SPX Cooling Technologies,14.17,1083.6
Cooling tower (wet),SPX Cooling Technologies,18.31,1072.6
Cooling tower (wet),SPX Cooling Technologies,11.6,1068.3
Cooling tower (wet),SPX Cooling Technologies,9.73,1094.6
Cooling tower (wet),SPX Cooling Technologies,11.05,1204.6
Cooling tower (wet),SPX Cooling Technologies,14.17,1231.0
Cooling tower (wet),SPX Cooling Technologies,18.31,1257.4
Cooling tower (wet),SPX Cooling Technologies,11.6,1257.3
Cooling tower (wet),SPX Cooling Technologies,11.05,1310.1
Cooling tower (wet),SPX Cooling Technologies,14.17,1356.3
Cooling tower (wet),Aggreko,14.88,1318.9
Cooling tower (wet),SPX Cooling Technologies,15.74,1336.4
Cooling tower (wet),Delta Cooling Towers,16.19,1998.1
Cooling tower (wet),SPX Cooling Technologies,11.6,1393.5
Cooling tower (wet),SPX Cooling Technologies,18.31,1428.8
Cooling tower (wet),SPX Cooling Technologies,23.21,1428.8
Cooling tower (wet),SPX Cooling Technologies,14.17,1521.1
Cooling tower (wet),SPX Cooling Technologies,15.74,1481.5
Cooling tower (wet),Evapco,19.6,1503.5
Cooling tower (wet),SPX Cooling Technologies,18.31,1589.3
Cooling tower (wet),SPX Cooling Technologies,19.23,1560.6
Cooling tower (wet),SPX Cooling Technologies,23.21,1637.6
Cooling tower (wet),SPX Cooling Technologies,14.17,1688.1
Cooling tower (wet),SPX Cooling Technologies,15.74,1635.4
Cooling tower (wet),SPX Cooling Technologies,19.23,1710.1
Cooling tower (wet),SPX Cooling Technologies,14.17,1787.1
Cooling tower (wet),Aggreko,14.88,1758.8
Cooling tower (wet),SPX Cooling Technologies,23.21,1800.3
Cooling tower (wet),SPX Cooling Technologies,18.31,1809.0
Cooling tower (wet),SPX Cooling Technologies,19.23,1824.4
Cooling tower (wet),SPX Cooling Technologies,28.94,1855.3
Cooling tower (wet),SPX Cooling Technologies,14.17,1899.1
Cooling tower (wet),SPX Cooling Technologies,19.23,1921.1
Cooling tower (wet),SPX Cooling Technologies,18.31,1984.9
Cooling tower (wet),SPX Cooling Technologies,21.11,1965.0
Cooling tower (wet),SPX Cooling Technologies,14.17,2044.3
Cooling tower (wet),SPX Cooling Technologies,23.21,2053.0
Cooling tower (wet),SPX Cooling Technologies,28.94,2046.5
Cooling tower (wet),SPX Cooling Technologies,18.31,2110.3
Cooling tower (wet),SPX Cooling Technologies,21.11,2158.5
Cooling tower (wet),SPX Cooling Technologies,18.31,2206.9
Cooling tower (wet),SPX Cooling Technologies,23.21,2226.8
Cooling tower (wet),SPX Cooling Technologies,24.77,2242.1
Cooling tower (wet),Aggreko,29.74,2198.1
Cooling tower (wet),Aggreko,14.88,2198.8
Cooling tower (wet),SPX Cooling Technologies,21.11,2303.5
Cooling tower (wet),SPX Cooling Technologies,28.94,2334.4
Cooling tower (wet),SPX Cooling Technologies,23.21,2391.5
Cooling tower (wet),SPX Cooling Technologies,18.31,2404.8
Cooling tower (wet),SPX Cooling Technologies,24.77,2464.1
Cooling tower (wet),SPX Cooling Technologies,21.11,2426.6
Cooling tower (wet),SPX Cooling Technologies,23.21,2521.3
Cooling tower (wet),SPX Cooling Technologies,18.31,2543.3
Cooling tower (wet),SPX Cooling Technologies,24.77,2547.6
Cooling tower (wet),SPX Cooling Technologies,28.94,2563.0
Cooling tower (wet),SPX Cooling Technologies,23.56,2532.1
Cooling tower (wet),Aggreko,29.74,2637.8
Cooling tower (wet),SPX Cooling Technologies,24.77,2749.9
Cooling tower (wet),Delta Cooling Towers,32.56,3904.4
Cooling tower (wet),SPX Cooling Technologies,23.21,2749.9
Cooling tower (wet),SPX Cooling Technologies,23.56,2699.1
Cooling tower (wet),SPX Cooling Technologies,24.77,2782.9
Cooling tower (wet),SPX Cooling Technologies,28.94,2749.9
Cooling tower (wet),SPX Cooling Technologies,24.77,2800.4
Cooling tower (wet),SPX Cooling Technologies,26.1,2800.3
Cooling tower (wet),SPX Cooling Technologies,23.56,2839.9
Cooling tower (wet),SPX Cooling Technologies,28.94,2890.5
Cooling tower (wet),Evapco,19.6,2892.6
Cooling tower (wet),SPX Cooling Technologies,23.21,2947.6
Cooling tower (wet),SPX Cooling Technologies,24.77,2998.3
Cooling tower (wet),SPX Cooling Technologies,24.77,3037.8
Cooling tower (wet),SPX Cooling Technologies,26.1,2989.4
Cooling tower (wet),SPX Cooling Technologies,24.77,3110.4
Cooling tower (wet),SPX Cooling Technologies,23.21,3079.6
Cooling tower (wet),Aggreko,29.74,3077.4
Cooling tower (wet),SPX Cooling Technologies,28.94,3158.8
Cooling tower (wet),SPX Cooling Technologies,24.77,3169.8
Cooling tower (wet),SPX Cooling Technologies,28.94,3138.9
Cooling tower (wet),SPX Cooling Technologies,26.1,3152.0
Cooling tower (wet),SPX Cooling Technologies,24.77,3248.9
Cooling tower (wet),SPX Cooling Technologies,24.77,3356.5
Cooling tower (wet),SPX Cooling Technologies,28.94,3350.0
Cooling tower (wet),SPX Cooling Technologies,24.77,3422.5
Cooling tower (wet),SPX Cooling Technologies,28.94,3444.5
Cooling tower (wet),SPX Cooling Technologies,28.94,3433.5
Cooling tower (wet),SPX Cooling Technologies,24.77,3440.1
Cooling tower (wet),SPX Cooling Technologies,26.1,3464.1
Cooling tower (wet),SPX Cooling Technologies,28.94,3503.8
Cooling tower (wet),SPX Cooling Technologies,24.77,3596.1
Cooling tower (wet),Aggreko,29.74,3517.0
Cooling tower (wet),SPX Cooling Technologies,24.77,3668.6
Cooling tower (wet),SPX Cooling Technologies,28.94,3666.5
Cooling tower (wet),SPX Cooling Technologies,24.77,3728.0
Cooling tower (wet),SPX Cooling Technologies,28.94,3743.4
Cooling tower (wet),SPX Cooling Technologies,28.94,3686.3
Cooling tower (wet),SPX Cooling Technologies,24.77,3789.6
Cooling tower (wet),SPX Cooling Technologies,24.77,3853.4
Cooling tower (wet),SPX Cooling Technologies,28.94,3868.8
Cooling tower (wet),SPX Cooling Technologies,24.77,3978.6
Cooling tower (wet),SPX Cooling Technologies,28.94,3991.8
Cooling tower (wet),SPX Cooling Technologies,24.77,4022.6
Cooling tower (wet),SPX Cooling Technologies,24.77,4121.5
Cooling tower (wet),SPX Cooling Technologies,28.94,4202.9
Cooling tower (wet),SPX Cooling Technologies,24.77,4205.0
Cooling tower (wet),SPX Cooling Technologies,28.94,4216.0
Cooling tower (wet),SPX Cooling Technologies,24.77,4361.1
Cooling tower (wet),SPX Cooling Technologies,24.77,4453.4
Cooling tower (wet),Aggreko,29.74,4396.3
Cooling tower (wet),SPX Cooling Technologies,28.94,4497.4
Cooling tower (wet),SPX Cooling Technologies,28.94,4591.9
Cooling tower (wet),SPX Cooling Technologies,24.77,4589.6
Cooling tower (wet),Delta Cooling Towers,49.13,6045.0
Cooling tower (wet),SPX Cooling Technologies,28.94,4734.8
Cooling tower (wet),SPX Cooling Technologies,24.77,4864.5
Cooling tower (wet),SPX Cooling Technologies,28.94,4972.1
Cooling tower (wet),SPX Cooling Technologies,28.94,5055.8
Cooling tower (wet),SPX Cooling Technologies,24.77,5205.1
Cooling tower (wet),SPX Cooling Technologies,28.94,5207.4
Cooling tower (wet),SPX Cooling Technologies,28.94,5398.6
Cooling tower (wet),SPX Cooling Technologies,28.94,5526.1
Cooling tower (wet),SPX Cooling Technologies,28.94,5847.0
Cooling tower (wet),SPX Cooling Technologies,62.13,5763.5
Cooling tower (wet),Delta Cooling Towers,65.31,7923.8
Cooling tower (wet),SPX Cooling Technologies,62.13,6080.0
Cooling tower (wet),SPX Cooling Technologies,28.94,6346.0
Cooling tower (wet),SPX Cooling Technologies,62.13,6550.4
Cooling tower (wet),SPX Cooling Technologies,62.13,7012.0
Cooling tower (wet),Delta Cooling Towers,81.75,9693.8
Cooling tower (wet),SPX Cooling Technologies,62.13,7420.9
Cooling tower (wet),SPX Cooling Technologies,62.13,7957.3
Cooling tower (wet),Delta Cooling Towers,98.13,11417.5
Cooling tower (wet),SPX Cooling Technologies,62.13,8647.4
Cooling tower (wet),Evapco,66.93,8664.6
Cooling tower (wet),SPX Cooling Technologies,62.13,9144.3
Cooling tower (wet),SPX Cooling Technologies,62.13,9623.4
Cooling tower (wet),Evapco,66.93,11526.5
Cooling tower (wet),Evapco,100.53,12906.9
Cooling tower (wet),Evapco,136.38,16713.9
Cooling tower (wet),Evapco,100.53,17179.8
Cooling tower (wet),Evapco,136.38,22310.0
Cooling tower (wet),Aggreko,9.9064,3333.33
Cooling tower (wet),Delta Cooling Towers,13.03,1370.0
Cooling tower (wet),Evapco,66.9,10677.884
Cooling tower (wet),SPX Cooling Technologies,121.0,16676.0
Chiller (air-cooled),General Air Products,1.4136000000000002,48.18
Chiller (air-cooled),General Air Products,1.9661999999999995,55.56
Chiller (air-cooled),General Air Products,4.1125,104.1
Chiller (air-cooled),General Air Products,4.1125,138.92
Chiller (air-cooled),General Air Products,4.425,169.16
Chiller (air-cooled),Mgreenbelt,4.369999999999999,126.6
Chiller (air-cooled),Mgreenbelt,5.7749999999999995,151.5
Chiller (air-cooled),Mgreenbelt,5.207999999999999,189.9
Chiller (air-cooled),Mgreenbelt,7.7787,202.0
Chiller (air-cooled),Mgreenbelt,8.652000000000001,253.2
Chiller (air-cooled),Mgreenbelt,12.1,315.0
Chiller (air-cooled),Mgreenbelt,12.6945,420.0
Chiller (water-cooled),Yizhong,0.71,12.5
Chiller (water-cooled),Yizhong,1.2325,20.0
Chiller (water-cooled),Yizhong,1.2325,25.0
Chiller (water-cooled),Yizhong,1.275,30.0
Chiller (water-cooled),Yizhong,1.36,37.5
Chiller (water-cooled),Yizhong,1.36,40.0
Chiller (water-cooled),Yizhong,1.36,50.0
Chiller (water-cooled),Yizhong,1.36,62.5
Chiller (water-cooled),Yizhong,2.1,75.0
Chiller (water-cooled),Yizhong,2.6,100.0
Chiller (water-cooled),Yizhong,2.6,125.0
Chiller (air-cooled),Daikin,11.8413,640.0
Chiller (air-cooled),Daikin,11.596,700.0
Chiller (air-cooled),Daikin,12.3096,761.0
Chiller (air-cooled),Daikin,12.78682,817.0
Chiller (air-cooled),Daikin,13.00982,886.0
Chiller (air-cooled),Daikin,16.502,988.0
Chiller (air-cooled),Daikin,18.4421,1057.0
Chiller (air-cooled),Daikin,18.4421,1109.0
Chiller (air-cooled),Daikin,20.516,1166.0
Chiller (air-cooled),Daikin,20.516,1226.0
Chiller (air-cooled),Daikin,20.516,1322.0
Chiller (air-cooled),Daikin,24.53,1520.0
Chiller (air-cooled),Daikin,26.537,1641.0
Chiller (air-cooled),Daikin,26.537,1772.0
Chiller (air-cooled),Vertiv,25.606,1357.0
Chiller (air-cooled),Vertiv,28.6504,1512.0
Chiller (air-cooled),Vertiv,31.6004,1608.0
Chiller (air-cooled),Vertiv,31.6004,1677.0
Chiller (air-cooled),Schneider Electric,11.891000000000002,597.0
Chiller (air-cooled),Schneider Electric,15.037,742.1
Chiller (air-cooled),Schneider Electric,20.042,1138.6
Chiller (air-cooled),Schneider Electric,20.042,1270.2
Chiller (air-cooled),Schneider Electric,26.3318,1846.7
Chiller (air-cooled),Schneider Electric,29.502,2053.2
Chiller (water-cooled),Airedale,12.045,3000.0
Chiller (air-cooled),Airedale,18.628200000000003,1111.0
Chiller (air-cooled),Carrier,27.368599999999997,2100.0
Chiller (air-cooled),Carrier,19.9106,1400.0
Chiller (air-cooled),Carrier,12.4526,800.0
Chiller (water-cooled),Carrier,13.3584,3850.0
Chiller (water-cooled),Carrier,11.5874,1050.0
Chiller (air-cooled),Daikin,28.112399999999997,2058.0
Chiller (air-cooled),Daikin,15.800399999999998,1030.0
Chiller (water-cooled),Johnson Controls,30.81,10550.0
Chiller (water-cooled),Johnson Controls,8.582699999999999,2000.0
Chiller (water-cooled),Johnson Controls,5.733999999999999,800.0
Chiller (water-cooled),Johnson Controls,12.1068,2000.0
Chiller (water-cooled),Schneider Electric,5.8259,1139.8
Chiller (air-cooled),Schneider Electric,29.502,2053.2
Chiller (air-cooled),Schneider Electric,26.334000000000003,1846.7
Chiller (air-cooled),Schneider Electric,20.042,1270.2
Chiller (air-cooled),Schneider Electric,20.042,1138.6
Chiller (water-cooled),Stulz,2.475465,378.0
Chiller (water-cooled),Stulz,3.63489,769.0
Chiller (water-cooled),Stulz,5.65157,1135.0
Chiller (water-cooled),Stulz,6.24616,1513.0
Chiller (air-cooled),Trane,35.056000000000004,1934.0
Chiller (air-cooled),Trane,21.728,1055.0
Chiller (water-cooled),Trane,32.0814,14065.0
Chiller (water-cooled),Trane,15.9135,4571.0
Chiller (water-cooled),Trane,6.0025,703.0
Chiller (water-cooled),Vertiv,15.842599999999996,2100.0
Chiller (air-cooled),General Air Products,1.4136000000000002,48.18
Chiller (air-cooled),General Air Products,1.9661999999999995,55.56
Chiller (air-cooled),General Air Products,4.1125,104.1
Chiller (air-cooled),General Air Products,4.1125,138.92
Chiller (air-cooled),General Air Products,4.425,169.16
Chiller (water-cooled),Trane,28.365,14067.4
Chiller (water-cooled),Carrier,11.9394,2461.9
Chiller (water-cooled),Carrier,8.7864,1934.35
Chiller (water-cooled),Vertiv,8.914200000000001,1453.0
Chiller (water-cooled),Vertiv,8.914200000000001,2125.0
Chiller (water-cooled),Daikin,9.4802,1797.0
Chiller (water-cooled),Daikin,4.9648,341.0
Chiller (water-cooled),Schneider Electric,2.80104,320.0
Chiller (water-cooled),Schneider Electric,3.00468,630.0
Chiller (water-cooled),Schneider Electric,5.085936,950.0
Chiller (water-cooled),Schneider Electric,6.9094549999999995,1250.0
Chiller (air-cooled),Dunham Bush,11.322599999999998,511.0
Chiller (air-cooled),Dunham Bush,21.718599999999995,1039.0
Chiller (air-cooled),Blue Star,1.63866,35.17
Chiller (air-cooled),Blue Star,5.9159999999999995,168.8
Chiller (air-cooled),Blue Star,5.9159999999999995,281.4
Chiller (air-cooled),Aermec,3.311,97.0
Chiller (water-cooled),Voltas,7.291943999999999,408.4
Chiller (air-cooled),Clivet,2.369,40.0
Chiller (air-cooled),Hitachi,4.085,112.0
Chiller (air-cooled),LG,1.64781,65.0
Chiller (air-cooled),LG,3.291312,130.0
Chiller (air-cooled),LG,4.934813999999999,195.0
Chiller (air-cooled),Toshiba,3.672,85.0
Chiller (air-cooled),Gree,2.04,65.0
Chiller (air-cooled),Midea,8.119,340.0
Chiller (air-cooled),McQuay,11.8413,640.0
Chiller (water-cooled),Midea,16.6635,6329.0
Chiller (water-cooled),Midea,14.013000000000002,4922.0
Chiller (water-cooled),Midea,16.6635,5626.0
Chiller (water-cooled),TICA,14.3752,6329.0
Chiller (water-cooled),TICA,16.5323,6680.0
Chiller (water-cooled),TICA,14.3752,6329.0
Chiller (water-cooled),TICA,17.5989,6680.0
Chiller (water-cooled),Thermax,21.7455,5066.0
Chiller (water-cooled),Thermax,24.8994,6191.0
Chiller (water-cooled),Thermax,29.737499999999997,7434.0
Chiller (water-cooled),Thermax,35.099999999999994,9955.0
Chiller (water-cooled),Midea,15.932,5626.0
Chiller (water-cooled),Midea,18.2385,5977.0
Chiller (water-cooled),Mitsubishi Heavy Industries,26.880000000000003,7033.0
Chiller (water-cooled),Mitsubishi Heavy Industries,24.32,6329.0
Chiller (water-cooled),Johnson Controls,36.959999999999994,7034.0
Chiller (air-cooled),Trane,52.02936,2637.6396315
Chiller (air-cooled),Trane,18.451575999999996,879.21321052
Chiller (air-cooled),Trane,27.138010239999996,1230.9
Chiller (air-cooled),Trane,35.42702592,1758.43
Chiller (air-cooled),Carrier,34.729552000000005,1761.9432738921
Chiller (air-cooled),Daikin,29.89968,1953.66
Chiller (air-cooled),Emicon,24.770999999999997,1728.6
Chiller (air-cooled),Emicon,30.359999999999996,1837.7
Chiller (air-cooled),Emicon,22.54,1449.0
Chiller (air-cooled),Vertiv,31.617732,2025.0
Chiller (air-cooled),Vertiv,31.617732,1987.0
Chiller (air-cooled),Vertiv,31.617732,1957.0
Chiller (air-cooled),Vertiv,37.9431,3100.0
Chiller (air-cooled),Vertiv,31.9741,2700.0
Chiller (air-cooled),Vertiv,26.0051,2110.0
Chiller (air-cooled),Vertiv,23.0206,1540.0
Chiller (air-cooled),Airedale,35.65540000000001,1850.0
Chiller (air-cooled),Airedale,31.647,1600.0
Chiller (air-cooled),Airedale,23.210000000000004,985.0
Chiller (air-cooled),Airedale,0.0,1758.5
