date,owner,compute_h100e,it_power_mw,capital_cost_busd
2023-01-01,AI XPV Platform,0.0,0.0,0.0
2026-05-31,AI XPV Platform,58564.931784,42.0,1.591044
2023-01-01,Alibaba,0.0,0.0,0.0
2025-09-17,Alibaba,15967.660435,85.0,3.21997
2026-01-03,Alibaba,31884.790298,169.0,6.402058
2021-07-01,Amazon,0.0,0.0,0.0
2024-12-01,Amazon,92470.944922,113.0,4.280666
2025-06-23,Amazon,606970.68018,795.0,30.11619
2025-09-09,Amazon,642291.549306,842.0,31.896644
2025-12-23,Amazon,813590.184981,1070.0,40.53374
2026-01-07,Amazon,836379.4725,1100.0,41.6702
2026-03-12,Amazon,945020.20014,1200.0,45.4584
2026-03-23,Amazon,1159482.049559,1484.0,56.216888
2026-05-15,Amazon,1330780.685233,1712.0,64.853984
2026-08-01,Amazon,1354024.747891,1743.0,66.028326
2023-01-01,Cipher Mining,0.0,0.0,0.0
2023-01-01,Core42,0.0,0.0,0.0
2025-10-01,Core42,19858.514401,16.0,0.606112
2026-03-31,Core42,71753.410814,58.0,2.197156
2023-01-01,CoreWeave,0.0,0.0,0.0
2024-01-31,CoreWeave,14805.457302,18.0,0.681876
2024-04-30,CoreWeave,22081.859525,27.0,1.022814
2025-05-31,CoreWeave,29863.567458,35.0,1.32587
2025-07-27,CoreWeave,80636.685195,77.0,2.916914
2025-10-27,CoreWeave,149358.261748,127.0,4.811014
2025-11-24,CoreWeave,174118.241536,145.0,5.49289
2025-12-31,CoreWeave,231015.664477,204.0,7.727928
2026-02-20,CoreWeave,263254.168772,232.0,8.788624
2026-02-23,CoreWeave,324901.465387,296.0,11.213072
2026-03-13,CoreWeave,368357.756443,332.0,12.576824
2026-05-06,CoreWeave,403729.156139,361.0,13.675402
2026-05-20,CoreWeave,470075.795856,416.0,15.758912
2026-06-30,CoreWeave,629627.564093,548.0,20.759336
2026-07-03,CoreWeave,755953.991582,679.0,25.721878
2022-12-26,Firmus,0.0,0.0,0.0
2026-08-09,Firmus,46488.125316,41.0,1.553162
2023-01-01,G42,0.0,0.0,0.0
2020-03-04,Google,0.0,0.0,0.0
2023-01-23,Google,21424.962102,79.0,2.992678
2023-08-30,Google,56644.770086,160.0,6.06112
2024-01-01,Google,91308.741789,228.0,8.637096
2024-04-01,Google,124103.082365,293.0,11.099426
2024-04-08,Google,163971.70288,372.0,14.092104
2024-04-20,Google,198281.960586,440.0,16.66808
2024-04-29,Google,242177.564426,527.0,19.963814
2024-07-19,Google,268554.522486,580.0,21.97156
2024-08-03,Google,347685.396665,738.0,27.956916
2024-09-13,Google,387149.772612,817.0,30.949594
2024-11-19,Google,484370.591208,975.0,36.93495
2025-03-01,Google,541520.667004,1040.0,39.39728
2025-03-07,Google,609231.632137,1117.0,42.314194
2025-04-29,Google,685584.638706,1204.0,45.609928
2025-06-01,Google,782603.335018,1283.0,48.602606
2025-06-15,Google,879470.439616,1362.0,51.595284
2025-06-30,Google,978156.64477,1442.0,54.625844
2025-07-01,Google,1088313.28954,1532.0,58.035224
2025-08-25,Google,1196448.71147,1609.0,60.952138
2025-09-01,Google,1320248.610409,1697.0,64.285754
2025-10-01,Google,1441521.980798,1783.0,67.543606
2025-10-14,Google,1600187.973724,1896.0,71.824272
2025-10-31,Google,1695892.875189,1965.0,74.43813
2026-04-19,Google,1791395.654371,2034.0,77.051988
2026-04-29,Google,1899025.770591,2111.0,79.968902
2026-05-01,Google,2019793.83527,2198.0,83.264636
2026-05-12,Google,2217368.367863,2339.0,88.605998
2026-05-20,Google,2306980.293077,2403.0,91.030446
2026-06-16,Google,2415115.715008,2480.0,93.94736
2026-06-30,Google,2525272.359778,2559.0,96.940038
2026-07-01,Google,2573276.402223,2593.0,98.228026
2026-07-07,Google,2683433.046993,2672.0,101.220704
2026-08-01,Google,2886060.636685,2777.0,105.198314
2026-08-15,Google,3065444.163719,2870.0,108.72134
2026-08-16,Google,3286768.064679,2984.0,113.039888
2026-08-24,Google,3897076.301162,3299.0,124.972718
2023-01-01,Huawei,0.0,0.0,0.0
2025-06-01,Huawei,23143.001516,47.6,1.803183
2025-07-01,Huawei,46235.472461,95.3,3.610155
2026-02-01,Huawei,72764.022233,150.2,5.689876
2026-07-01,Huawei,117230.924709,241.8,9.159868
2021-04-01,Meta,0.0,0.0,0.0
2023-08-02,Meta,30959.750025,45.0,1.70469
2024-11-08,Meta,123839.0,180.0,6.81876
2025-10-14,Meta,215804.639212,256.0,9.697792
2025-12-07,Meta,367158.858514,389.0,14.736098
2025-12-09,Meta,540406.530499,541.0,20.494162
2026-01-18,Meta,858711.189417,804.0,30.457128
2026-03-01,Meta,958256.414278,891.0,33.752862
2026-03-04,Meta,1046689.966578,969.0,36.707658
2026-05-18,Meta,1232669.238937,1123.0,42.541486
2026-06-01,Meta,1405989.097452,1275.0,48.29955
2026-06-02,Meta,1484316.535552,1343.0,50.875526
2026-06-04,Meta,1687449.430954,1521.0,57.618522
2026-06-15,Meta,1786994.655815,1608.0,60.914256
2026-06-18,Meta,1961512.088862,1761.0,66.710202
2026-06-19,Meta,2177187.17729,1939.0,73.453198
2026-07-15,Meta,2338885.004476,2081.0,78.832442
2026-07-25,Meta,2511699.55728,2233.0,84.590506
2026-08-01,Meta,2595018.304122,2302.0,87.204364
2026-08-02,Meta,2686983.943334,2382.0,90.234924
2018-12-18,Microsoft,0.0,0.0,0.0
2021-01-01,Microsoft,7882.769075,48.0,1.818336
2023-04-24,Microsoft,37038.90854,88.0,3.333616
2023-06-30,Microsoft,69732.187974,135.0,5.11407
2024-05-24,Microsoft,102122.283982,182.0,6.894524
2024-07-01,Microsoft,115108.640728,201.0,7.614282
2025-01-16,Microsoft,144062.657908,242.0,9.167444
2025-03-01,Microsoft,259120.768065,337.0,12.766234
2025-09-01,Microsoft,406164.729661,458.0,17.349956
2025-10-14,Microsoft,794146.674027,779.0,29.510078
2025-12-01,Microsoft,826435.708893,807.0,30.570774
2026-03-31,Microsoft,858623.682617,835.0,31.63147
2026-04-16,Microsoft,1304303.318797,1204.0,45.609928
2026-06-14,Microsoft,1685090.096513,1519.0,57.542758
2023-01-01,Nebius,0.0,0.0,0.0
2026-04-15,Nebius,56846.89237,50.0,1.8941
2022-01-01,Nscale,0.0,0.0,0.0
2026-04-03,Nscale,31834.259727,33.0,1.250106
2022-07-01,Oracle,0.0,0.0,0.0
2025-05-15,Oracle,40424.456796,33.0,1.250106
2025-09-26,Oracle,167761.495705,138.0,5.227716
2025-12-24,Oracle,295098.534613,244.0,9.243208
2026-04-17,Oracle,339060.131379,283.0,10.720606
2026-05-23,Oracle,593734.209197,493.0,18.675826
2023-01-01,Softbank,0.0,0.0,0.0
2023-01-01,SpaceXAI,0.0,0.0,0.0
2024-08-11,SpaceXAI,25000.0,35.0,1.32587
2024-09-02,SpaceXAI,100000.0,139.0,5.265598
2025-02-17,SpaceXAI,200000.0,278.0,10.531196
2025-02-20,SpaceXAI,211470.439616,295.32971,11.18768
2025-07-22,SpaceXAI,287266.296109,357.32971,13.536364
2025-09-17,SpaceXAI,220595.755432,285.32971,10.80886
2025-10-19,SpaceXAI,498513.895907,524.32971,19.862658
2025-11-07,SpaceXAI,565184.436584,596.32971,22.590162
2026-04-06,SpaceXAI,843102.577059,847.32971,32.098544
2026-06-15,SpaceXAI,1398938.858009,1303.32971,49.372736
2019-10-19,Unknown,0.0,0.0,0.0
2024-01-29,Unknown,33855.482567,47.0,1.780454
2024-06-23,Unknown,67710.965134,94.0,3.560908
2024-10-01,Unknown,128852.956038,179.0,6.780878
2024-12-31,Unknown,163252.683173,229.0,8.674978
2025-02-04,Unknown,273409.327943,349.0,13.220818
2025-06-03,Unknown,331519.484588,397.0,15.039154
2025-11-19,Unknown,390134.946943,445.0,16.85749
2025-12-31,Unknown,477047.529055,517.0,19.584994
2026-01-22,Unknown,724318.241536,707.0,26.782574
2026-02-13,Unknown,782428.398181,755.0,28.60091
2026-02-15,Unknown,821134.815563,787.0,29.813134
2026-05-01,Unknown,867269.226882,851.0,32.237582
2026-05-14,Unknown,1027956.442648,983.0,37.238006
2023-01-01,VNET,0.0,0.0,0.0
2025-07-01,VNET,20970.186963,38.0,1.439516
2025-11-01,VNET,94492.167761,171.0,6.477822
2025-12-01,VNET,122789.287519,221.0,8.371922
